Date,ASIN,Orders,Units,Sales,Profits,ACOS,TACOS,Organic Units,Promotion Units,PPC Orders,PPC Units,PPC Sales,Sessions,Conversions,Average Price,ROI,Margin,Refund Units,Refund Balance,Referral Fees,Fulfillment Fees,Cost of Goods,PPC Cost,Promotion Value,VAT,Recoverable VAT on Fees
07-Mar-26,B09T36PXKX,1,1,40.00,26.48,,1.45 %,1,0,0,0,0.00,,,40.00,,66.20 %,0,0,5.60,7.34,,0.58,0.00,,
07-Mar-26,B0CNRJXBYP,1,1,84.50,61.75,6.24 %,6.24 %,0,0,1,1,84.50,,,84.50,,73.08 %,0,0,10.14,7.34,,5.27,0.00,,
07-Mar-26,B0FD3PMPVC,5,5,84.95,50.30,,,5,0,0,0,0,,,16.99,,59.21 %,0,0,11.90,22.75,,0,0.00,,
07-Mar-26,B01KHB8DKA,0,0,0,-4.45,,,0,0,0,0,0.00,,,,,0.00 %,0,0,0,0,,4.45,0,,
07-Mar-26,B01KHB8E4A,0,0,0,-0.17,,,0,0,0,0,0.00,,,,,0.00 %,0,0,0,0,,0.17,0,,
07-Mar-26,B01LWX7WBR,0,0,0,-1.43,,,0,0,0,0,0.00,,,,,0.00 %,0,0,0,0,,1.43,0,,
07-Mar-26,B01N3OVRWE,0,0,0,-14.42,,,0,0,0,0,0.00,,,,,0.00 %,0,0,0,0,,14.42,0,,
07-Mar-26,B06XCRF7RF,0,0,0,-5.77,,,0,0,0,0,0.00,,,,,0.00 %,0,0,0,0,,5.77,0,,
07-Mar-26,B06XS9FDG6,0,0,0,-3.36,,,0,0,0,0,0.00,,,,,0.00 %,0,0,0,0,,3.36,0,,
07-Mar-26,B074496RQ5,0,0,0,-1.32,,,0,0,0,0,0.00,,,,,0.00 %,0,0,0,0,,1.32,0,,
07-Mar-26,B07NZM7X6F,0,0,0,-11.50,,,0,0,0,0,0.00,,,,,0.00 %,0,0,0,0,,11.50,0,,
07-Mar-26,B0C3GC6N5W,0,0,0,-2.51,,,0,0,0,0,0.00,,,,,0.00 %,0,0,0,0,,2.51,0,,
07-Mar-26,B0C3GNK3VF,0,0,0,-1.67,2.59 %,,0,0,1,1,64.50,,,,,0.00 %,0,0,0,0,,1.67,0,,
07-Mar-26,B0CNRJDM2J,0,0,0,-1.40,,,0,0,0,0,0.00,,,,,0.00 %,0,0,0,0,,1.40,0,,
07-Mar-26,B0FCRLQG4B,0,0,0,-0.86,,,0,0,0,0,0.00,,,,,0.00 %,0,0,0,0,,0.86,0,,
07-Mar-26,Sponsored Brands Product Collection/Brand Video,0,0,0,-49.95,,,0,0,3,3,50.97,,,,,0.00 %,0,0,0,0,,49.95,0,,
06-Mar-26,B01KHB8E4A,1,1,51.60,36.50,,2.03 %,1,0,0,0,0.00,9,11.11 %,51.60,,70.74 %,0,0,6.71,7.34,,1.05,0.00,,
06-Mar-26,B07NZM7X6F,1,1,51.60,29.86,6.62 %,14.90 %,0,0,2,2,116.10,10,10.00 %,51.60,,57.87 %,0,0,6.71,7.34,,7.69,0.00,,
06-Mar-26,B0C3GNK3VF,2,2,116.10,85.47,,0.73 %,2,0,0,0,0.00,6,33.33 %,58.05,,73.62 %,0,0,15.10,14.68,,0.85,0.00,,
06-Mar-26,B0FCRLQG4B,1,1,11.99,6.33,,2.84 %,1,0,0,0,0.00,7,14.29 %,11.99,,52.79 %,0,0,1.68,3.64,,0.34,0.00,,
06-Mar-26,B0FCRQRHJ8,1,1,11.99,6.67,,,1,0,0,0,0,3,33.33 %,11.99,,55.63 %,0,0,1.68,3.64,,0,0.00,,
06-Mar-26,B0FD3PMPVC,4,4,67.96,39.34,,1.32 %,4,0,0,0,0.00,9,44.44 %,16.99,,57.89 %,0,0,9.52,18.20,,0.90,0.00,,
06-Mar-26,B01KHB8DKA,0,0,0,-7.39,,,0,0,0,0,0.00,9,0.00 %,,,0.00 %,0,0,0,0,,7.39,0,,
06-Mar-26,B01LWX7WBR,0,0,0,-1.82,,,0,0,0,0,0.00,2,0.00 %,,,0.00 %,0,0,0,0,,1.82,0,,
06-Mar-26,B01N3OVRWE,0,0,0,-13.90,,,0,0,0,0,0.00,41,0.00 %,,,0.00 %,0,0,0,0,,13.90,0,,
06-Mar-26,B06XCRF7RF,0,0,0,-7.67,,,0,0,0,0,0.00,13,0.00 %,,,0.00 %,0,0,0,0,,7.67,0,,
06-Mar-26,B06XS3D5RG,0,0,0,-1.45,,,0,0,0,0,0.00,2,0.00 %,,,0.00 %,0,0,0,0,,1.45,0,,
06-Mar-26,B06XS9FDG6,0,0,0,-8.47,,,0,0,0,0,0.00,4,0.00 %,,,0.00 %,0,0,0,0,,8.47,0,,
06-Mar-26,B093P2DLLJ,0,0,0,-2.73,,,0,0,0,0,0.00,9,0.00 %,,,0.00 %,0,0,0,0,,2.73,0,,
06-Mar-26,B0C3GC6N5W,0,0,0,-4.60,,,0,0,0,0,0.00,13,0.00 %,,,0.00 %,0,0,0,0,,4.60,0,,
06-Mar-26,B0CNRJDM2J,0,0,0,-4.05,,,0,0,0,0,0.00,4,0.00 %,,,0.00 %,0,0,0,0,,4.05,0,,
06-Mar-26,B0CNRJK9ZG,0,0,0,-1.29,,,0,0,0,0,0.00,1,0.00 %,,,0.00 %,0,0,0,0,,1.29,0,,
06-Mar-26,B0CNRJXBYP,0,0,0,-4.04,,,0,0,0,0,0.00,9,0.00 %,,,0.00 %,0,0,0,0,,4.04,0,,
06-Mar-26,B01MFI3MCW,0,0,0,0,,,0,0,0,0,0,3,0.00 %,,,0.00 %,0,0,0,0,,0,0,,
06-Mar-26,B093P8LWNV,0,0,0,0,,,0,0,0,0,0,1,0.00 %,,,0.00 %,0,0,0,0,,0,0,,
06-Mar-26,B09T36PXKX,0,0,0,0,,,0,0,0,0,0,11,0.00 %,,,0.00 %,0,0,0,0,,0,0,,
06-Mar-26,B0CNRKL7SX,0,0,0,0,,,0,0,0,0,0,1,0.00 %,,,0.00 %,0,0,0,0,,0,0,,
06-Mar-26,B0DP29LW5K,0,0,0,0,,,0,0,0,0,0,2,0.00 %,,,0.00 %,0,0,0,0,,0,0,,
06-Mar-26,B0DP2BK94D,0,0,0,0,,,0,0,0,0,0,1,0.00 %,,,0.00 %,0,0,0,0,,0,0,,
06-Mar-26,B0F1D1CFHP,0,0,0,0,,,0,0,0,0,0,3,0.00 %,,,0.00 %,0,0,0,0,,0,0,,
06-Mar-26,B0F1D2B3FG,0,0,0,0,,,0,0,0,0,0,4,0.00 %,,,0.00 %,0,0,0,0,,0,0,,
06-Mar-26,B0F1D2HHD4,0,0,0,0,,,0,0,0,0,0,3,0.00 %,,,0.00 %,0,0,0,0,,0,0,,
06-Mar-26,B0F1D3VGX6,0,0,0,0,,,0,0,0,0,0,3,0.00 %,,,0.00 %,0,0,0,0,,0,0,,
06-Mar-26,B0F1D4F97T,0,0,0,0,,,0,0,0,0,0,5,0.00 %,,,0.00 %,0,0,0,0,,0,0,,
06-Mar-26,B0FCRCZ1HC,0,0,0,0,,,0,0,0,0,0,1,0.00 %,,,0.00 %,0,0,0,0,,0,0,,
06-Mar-26,B0FD3MZ97V,0,0,0,0,,,0,0,0,0,0,1,0.00 %,,,0.00 %,0,0,0,0,,0,0,,
06-Mar-26,B0FD3PSJG3,0,0,0,0,,,0,0,0,0,0,4,0.00 %,,,0.00 %,0,0,0,0,,0,0,,
06-Mar-26,Sponsored Brands Product Collection/Brand Video,0,0,0,-44.80,,,0,0,3,3,45.97,,,,,0.00 %,0,0,0,0,,44.80,0,,
05-Mar-26,B01N3OVRWE,1,1,51.60,26.15,21.92 %,22.09 %,0,0,1,1,52.00,44,2.27 %,51.60,,50.68 %,0,0,6.71,7.34,,11.40,0.00,,
05-Mar-26,B06XCRF7RF,1,1,40.00,23.95,,7.78 %,1,0,0,0,0.00,9,11.11 %,40.00,,59.88 %,0,0,5.60,7.34,,3.11,0.00,,
05-Mar-26,B07NZM7X6F,2,2,116.10,69.62,32.36 %,14.38 %,1,0,1,1,51.60,18,11.11 %,58.05,,59.97 %,0,0,15.10,14.68,,16.70,0.00,,
05-Mar-26,B0C3GC6N5W,2,2,104.00,74.61,,1.14 %,2,0,0,0,0.00,8,25.00 %,52.00,,71.74 %,0,0,13.52,14.68,,1.19,0.00,,
05-Mar-26,B0F1D2B3FG,1,1,39.50,27.19,,,1,0,0,0,0,2,50.00 %,39.50,,68.84 %,0,0,5.53,6.78,,0,0.00,,
05-Mar-26,B0FCRLQG4B,2,2,23.98,13.32,,0.08 %,2,0,0,0,0.00,6,33.33 %,11.99,,55.55 %,0,0,3.36,7.28,,0.02,0.00,,
05-Mar-26,B0FD3MZ97V,1,1,16.99,10.03,,,1,0,0,0,0,3,33.33 %,16.99,,59.03 %,0,0,2.38,4.58,,0,0.00,,
05-Mar-26,B0FD3PMPVC,2,2,33.98,20.12,,,2,0,0,0,0,16,12.50 %,16.99,,59.21 %,0,0,4.76,9.10,,0,0.00,,
05-Mar-26,B0FD3PSJG3,2,2,33.98,20.12,,,2,0,0,0,0,6,33.33 %,16.99,,59.21 %,0,0,4.76,9.10,,0,0.00,,
05-Mar-26,B01KHB8DKA,0,0,0,-1.84,,,0,0,0,0,0.00,13,0.00 %,,,0.00 %,0,0,0,0,,1.84,0,,
05-Mar-26,B01KHB8E4A,0,0,0,-2.46,,,0,0,0,0,0.00,18,0.00 %,,,0.00 %,0,0,0,0,,2.46,0,,
05-Mar-26,B06XS3D5RG,0,0,0,-2.12,,,0,0,0,0,0.00,2,0.00 %,,,0.00 %,0,0,0,0,,2.12,0,,
05-Mar-26,B06XS9FDG6,0,0,0,-1.25,,,0,0,0,0,0.00,1,0.00 %,,,0.00 %,0,0,0,0,,1.25,0,,
05-Mar-26,B074496RQ5,0,0,0,-1.05,,,0,0,0,0,0.00,1,0.00 %,,,0.00 %,0,0,0,0,,1.05,0,,
05-Mar-26,B093P2DLLJ,0,0,0,-3.72,,,0,0,0,0,0.00,8,0.00 %,,,0.00 %,0,0,0,0,,3.72,0,,
05-Mar-26,B0C3GNK3VF,0,0,0,-7.96,,,0,0,0,0,0.00,12,0.00 %,,,0.00 %,0,0,0,0,,7.96,0,,
05-Mar-26,B0CNRJDM2J,0,0,0,-3.74,,,0,0,0,0,0.00,9,0.00 %,,,0.00 %,0,0,0,0,,3.74,0,,
05-Mar-26,B0CNRJXBYP,0,0,0,-2.34,,,0,0,0,0,0.00,6,0.00 %,,,0.00 %,0,0,0,0,,2.34,0,,
05-Mar-26,B0CNRK82V4,0,0,0,-1.26,,,0,0,0,0,0.00,2,0.00 %,,,0.00 %,0,0,0,0,,1.26,0,,
05-Mar-26,B0CNRLQVH7,0,0,0,-2.29,,,0,0,0,0,0.00,3,0.00 %,,,0.00 %,0,0,0,0,,2.29,0,,
05-Mar-26,B01LWX7WBR,0,0,0,0,,,0,0,0,0,0,1,0.00 %,,,0.00 %,0,0,0,0,,0,0,,
05-Mar-26,B093P8LWNV,0,0,0,0,,,0,0,0,0,0,2,0.00 %,,,0.00 %,0,0,0,0,,0,0,,
05-Mar-26,B093P9QGZL,0,0,0,0,,,0,0,0,0,0,1,0.00 %,,,0.00 %,0,0,0,0,,0,0,,
05-Mar-26,B09T36PXKX,0,0,0,0,,,0,0,0,0,0,7,0.00 %,,,0.00 %,0,0,0,0,,0,0,,
05-Mar-26,B0CNRJK9ZG,0,0,0,0,,,0,0,0,0,0,1,0.00 %,,,0.00 %,0,0,0,0,,0,0,,
05-Mar-26,B0CNRKL7SX,0,0,0,0,,,0,0,0,0,0,3,0.00 %,,,0.00 %,0,0,0,0,,0,0,,
05-Mar-26,B0F1D3VGX6,0,0,0,0,,,0,0,0,0,0,7,0.00 %,,,0.00 %,0,0,0,0,,0,0,,
05-Mar-26,B0FCRQRHJ8,0,0,0,0,,,0,0,0,0,0,2,0.00 %,,,0.00 %,0,0,0,0,,0,0,,
05-Mar-26,B0FD3LHYMN,0,0,0,0,,,0,0,0,0,0,1,0.00 %,,,0.00 %,0,0,0,0,,0,0,,
05-Mar-26,Sponsored Brands Product Collection/Brand Video,0,0,0,-56.29,,,0,0,7,7,166.05,,,,,0.00 %,0,0,0,0,,56.29,0,,
04-Mar-26,B01N3OVRWE,1,1,51.60,32.03,,10.70 %,1,0,0,0,0.00,38,2.63 %,51.60,,62.07 %,0,0,6.71,7.34,,5.52,0.00,,
04-Mar-26,B093P2DLLJ,1,1,64.50,45.07,,5.74 %,1,0,0,0,0.00,12,8.33 %,64.50,,69.88 %,0,0,8.39,7.34,,3.70,0.00,,
04-Mar-26,B0CNRJXBYP,1,1,84.50,64.77,,2.66 %,1,0,0,0,0.00,12,8.33 %,84.50,,76.65 %,0,0,10.14,7.34,,2.25,0.00,,
04-Mar-26,B0FCRCZ1HC,1,1,11.99,6.64,,,1,0,0,0,0,2,50.00 %,11.99,,55.38 %,0,0,1.68,3.67,,0,0.00,,
04-Mar-26,B0FCRLQG4B,2,2,23.98,13.34,,,2,0,0,0,0,8,25.00 %,11.99,,55.63 %,0,0,3.36,7.28,,0,0.00,,
04-Mar-26,B0FD3PMPVC,2,2,33.98,20.12,,,2,0,0,0,0,12,16.67 %,16.99,,59.21 %,0,0,4.76,9.10,,0,0.00,,
04-Mar-26,B01KHB8DKA,0,0,0,-6.66,,,0,0,0,0,0.00,16,0.00 %,,,0.00 %,0,0,0,0,,6.66,0,,
04-Mar-26,B01KHB8E4A,0,0,0,-2.43,,,0,0,0,0,0.00,16,0.00 %,,,0.00 %,0,0,0,0,,2.43,0,,
04-Mar-26,B01LWX7WBR,0,0,0,-3.45,6.63 %,,0,0,1,1,52.00,5,0.00 %,,,0.00 %,0,0,0,0,,3.45,0,,
04-Mar-26,B01MFI3MCW,0,0,0,-0.85,,,0,0,0,0,0.00,1,0.00 %,,,0.00 %,0,0,0,0,,0.85,0,,
04-Mar-26,B06XCRF7RF,0,0,0,-4.71,11.78 %,,0,0,1,1,40.00,8,0.00 %,,,0.00 %,0,0,0,0,,4.71,0,,
04-Mar-26,B06XS9FDG6,0,0,0,-1.48,,,0,0,0,0,0.00,7,0.00 %,,,0.00 %,0,0,0,0,,1.48,0,,
04-Mar-26,B07NZM7X6F,0,0,0,-11.88,,,0,0,0,0,0.00,17,0.00 %,,,0.00 %,0,0,0,0,,11.88,0,,
04-Mar-26,B093P8LWNV,0,0,0,-0.50,,,0,0,0,0,0.00,2,0.00 %,,,0.00 %,0,0,0,0,,0.50,0,,
04-Mar-26,B0C3GC6N5W,0,0,0,-0.81,,,0,0,0,0,0.00,8,0.00 %,,,0.00 %,0,0,0,0,,0.81,0,,
04-Mar-26,B0C3GNK3VF,0,0,0,-3.70,,,0,0,0,0,0.00,11,0.00 %,,,0.00 %,0,0,0,0,,3.70,0,,
04-Mar-26,B0CNRJDM2J,0,0,0,-2.63,,,0,0,0,0,0.00,6,0.00 %,,,0.00 %,0,0,0,0,,2.63,0,,
04-Mar-26,B0CNRK82V4,0,0,0,-1.38,,,0,0,0,0,0.00,2,0.00 %,,,0.00 %,0,0,0,0,,1.38,0,,
04-Mar-26,B0CNRKL7SX,0,0,0,-1.35,,,0,0,0,0,0.00,2,0.00 %,,,0.00 %,0,0,0,0,,1.35,0,,
04-Mar-26,B0F1D3VGX6,0,0,0,-0.97,,,0,0,0,0,0.00,2,0.00 %,,,0.00 %,0,0,0,0,,0.97,0,,
04-Mar-26,B06XS3D5RG,0,0,0,0,,,0,0,0,0,0,2,0.00 %,,,0.00 %,0,0,0,0,,0,0,,
04-Mar-26,B074496RQ5,0,0,0,0,,,0,0,0,0,0,1,0.00 %,,,0.00 %,0,0,0,0,,0,0,,
04-Mar-26,B093P9QGZL,0,0,0,0,,,0,0,0,0,0,1,0.00 %,,,0.00 %,0,0,0,0,,0,0,,
04-Mar-26,B09T36PXKX,0,0,0,0,,,0,0,0,0,0,13,0.00 %,,,0.00 %,0,0,0,0,,0,0,,
04-Mar-26,B0CNRJK9ZG,0,0,0,0,,,0,0,0,0,0,1,0.00 %,,,0.00 %,0,0,0,0,,0,0,,
04-Mar-26,B0CNRLQVH7,0,0,0,0,,,0,0,0,0,0,1,0.00 %,,,0.00 %,0,0,0,0,,0,0,,
04-Mar-26,B0DP29LW5K,0,0,0,0,,,0,0,0,0,0,1,0.00 %,,,0.00 %,0,0,0,0,,0,0,,
04-Mar-26,B0F1D2B3FG,0,0,0,0,,,0,0,0,0,0,4,0.00 %,,,0.00 %,0,0,0,0,,0,0,,
04-Mar-26,B0F1D4F97T,0,0,0,0,,,0,0,0,0,0,2,0.00 %,,,0.00 %,0,0,0,0,,0,0,,
04-Mar-26,B0FCRQRHJ8,0,0,0,0,,,0,0,0,0,0,1,0.00 %,,,0.00 %,0,0,0,0,,0,0,,
04-Mar-26,B0FD3MZ97V,0,0,0,0,,,0,0,0,0,0,1,0.00 %,,,0.00 %,0,0,0,0,,0,0,,
04-Mar-26,B0FD3PSJG3,0,0,0,0,,,0,0,0,0,0,5,0.00 %,,,0.00 %,0,0,0,0,,0,0,,
04-Mar-26,Sponsored Brands Product Collection/Brand Video,0,0,0,-42.65,,,0,0,7,7,211.05,,,,,0.00 %,0,0,0,0,,42.65,0,,
03-Mar-26,B01N3OVRWE,1,1,51.60,22.34,29.48 %,29.48 %,0,0,1,1,51.60,44,2.27 %,51.60,,43.29 %,0,0,6.71,7.34,,15.21,0.00,,
03-Mar-26,B06XCRF7RF,1,1,40.00,22.39,11.68 %,11.68 %,0,0,1,1,40.00,9,11.11 %,40.00,,55.98 %,0,0,5.60,7.34,,4.67,0.00,,
03-Mar-26,B0C3GNK3VF,1,1,51.60,35.29,,4.38 %,1,0,0,0,0.00,9,11.11 %,51.60,,68.39 %,0,0,6.71,7.34,,2.26,0.00,,
03-Mar-26,B0F1D3VGX6,1,1,39.50,21.84,,3.54 %,1,1,0,0,0.00,6,16.67 %,39.50,,55.29 %,0,0,5.53,6.78,,1.40,3.95,,
03-Mar-26,B0FD3PMPVC,1,1,16.99,10.06,,,1,0,0,0,0,7,14.29 %,16.99,,59.21 %,0,0,2.38,4.55,,0,0.00,,
03-Mar-26,B01KHB8DKA,0,0,0,-5.26,,,0,0,0,0,0.00,15,0.00 %,,,0.00 %,0,0,0,0,,5.26,0,,
03-Mar-26,B01LWX7WBR,0,0,0,-1.35,,,0,0,0,0,0.00,5,0.00 %,,,0.00 %,0,0,0,0,,1.35,0,,
03-Mar-26,B01MFI3MCW,0,0,0,-2.28,,,0,0,0,0,0.00,4,0.00 %,,,0.00 %,0,0,0,0,,2.28,0,,
03-Mar-26,B06XS3D5RG,0,0,0,-3.78,,,0,0,0,0,0.00,5,0.00 %,,,0.00 %,0,0,0,0,,3.78,0,,
03-Mar-26,B06XS9FDG6,0,0,0,-2.71,,,0,0,0,0,0.00,9,0.00 %,,,0.00 %,0,0,0,0,,2.71,0,,
03-Mar-26,B074496RQ5,0,0,0,-1.34,,,0,0,0,0,0.00,1,0.00 %,,,0.00 %,0,0,0,0,,1.34,0,,
03-Mar-26,B07NZM7X6F,0,0,0,-14.87,,,0,0,0,0,0.00,19,0.00 %,,,0.00 %,0,0,0,0,,14.87,0,,
03-Mar-26,B093P2DLLJ,0,0,0,-2.60,,,0,0,0,0,0.00,13,0.00 %,,,0.00 %,0,0,0,0,,2.60,0,,
03-Mar-26,B093P9QGZL,0,0,0,-0.75,,,0,0,0,0,0.00,2,0.00 %,,,0.00 %,0,0,0,0,,0.75,0,,
03-Mar-26,B09T36PXKX,0,0,0,-0.65,,,0,0,0,0,0.00,9,0.00 %,,,0.00 %,0,0,0,0,,0.65,0,,
03-Mar-26,B0C3GC6N5W,0,0,0,-2.58,,,0,0,0,0,0.00,9,0.00 %,,,0.00 %,0,0,0,0,,2.58,0,,
03-Mar-26,B0CNRJDM2J,0,0,0,-2.63,,,0,0,0,0,0.00,8,0.00 %,,,0.00 %,0,0,0,0,,2.63,0,,
03-Mar-26,B0CNRJXBYP,0,0,0,-1.17,,,0,0,0,0,0.00,5,0.00 %,,,0.00 %,0,0,0,0,,1.17,0,,
03-Mar-26,B0CNRK82V4,0,0,0,-1.27,,,0,0,0,0,0.00,2,0.00 %,,,0.00 %,0,0,0,0,,1.27,0,,
03-Mar-26,B0CNRLQVH7,0,0,0,-1.38,,,0,0,0,0,0.00,,,,,0.00 %,0,0,0,0,,1.38,0,,
03-Mar-26,B0F1D4F97T,0,0,0,-0.98,,,0,0,0,0,0.00,3,0.00 %,,,0.00 %,0,0,0,0,,0.98,0,,
03-Mar-26,B01KHB8E4A,0,0,0,0,,,0,0,0,0,0,15,0.00 %,,,0.00 %,0,0,0,0,,0,0,,
03-Mar-26,B0CNRKL7SX,0,0,0,0,,,0,0,0,0,0,2,0.00 %,,,0.00 %,0,0,0,0,,0,0,,
03-Mar-26,B0F1D1CFHP,0,0,0,0,,,0,0,0,0,0,1,0.00 %,,,0.00 %,0,0,0,0,,0,0,,
03-Mar-26,B0F1D2B3FG,0,0,0,0,,,0,0,0,0,0,9,0.00 %,,,0.00 %,0,0,0,0,,0,0,,
03-Mar-26,B0F1D2HHD4,0,0,0,0,,,0,0,0,0,0,1,0.00 %,,,0.00 %,0,0,0,0,,0,0,,
03-Mar-26,B0FCRK9JCK,0,0,0,0,,,0,0,0,0,0,1,0.00 %,,,0.00 %,0,0,0,0,,0,0,,
03-Mar-26,B0FCRLQG4B,0,0,0,0,,,0,0,0,0,0,7,0.00 %,,,0.00 %,0,0,0,0,,0,0,,
03-Mar-26,B0FCRQRHJ8,0,0,0,0,,,0,0,0,0,0,1,0.00 %,,,0.00 %,0,0,0,0,,0,0,,
03-Mar-26,B0FD3LHYMN,0,0,0,0,,,0,0,0,0,0,1,0.00 %,,,0.00 %,0,0,0,0,,0,0,,
03-Mar-26,B0FD3MZ97V,0,0,0,0,,,0,0,0,0,0,1,0.00 %,,,0.00 %,0,0,0,0,,0,0,,
03-Mar-26,B0FD3PSJG3,0,0,0,0,,,0,0,0,0,0,2,0.00 %,,,0.00 %,0,0,0,0,,0,0,,
03-Mar-26,Sponsored Brands Product Collection/Brand Video,0,0,0,-46.35,,,0,0,3,3,68.48,,,,,0.00 %,0,0,0,0,,46.35,0,,
02-Mar-26,B01KHB8DKA,1,1,51.60,35.65,,3.68 %,1,0,0,0,0.00,13,7.69 %,51.60,,69.09 %,0,0,6.71,7.34,,1.90,0.00,,
02-Mar-26,B01KHB8E4A,1,1,51.60,36.48,,2.07 %,1,0,0,0,0.00,14,7.14 %,51.60,,70.70 %,0,0,6.71,7.34,,1.07,0.00,,
02-Mar-26,B0FCRCZ1HC,1,1,11.99,6.64,,,1,0,0,0,0,2,50.00 %,11.99,,55.38 %,0,0,1.68,3.67,,0,0.00,,
02-Mar-26,B0FCRK9JCK,1,1,11.99,6.67,,,1,0,0,0,0,1,100.00 %,11.99,,55.63 %,0,0,1.68,3.64,,0,0.00,,
02-Mar-26,B0FCRLQG4B,2,2,23.98,12.89,,1.88 %,2,0,0,0,0.00,11,18.18 %,11.99,,53.75 %,0,0,3.36,7.28,,0.45,0.00,,
02-Mar-26,B0FD3PMPVC,1,1,16.99,10.06,,,1,0,0,0,0,9,11.11 %,16.99,,59.21 %,0,0,2.38,4.55,,0,0.00,,
02-Mar-26,B0FD3PSJG3,1,1,16.99,10.06,,,1,0,0,0,0,5,20.00 %,16.99,,59.21 %,0,0,2.38,4.55,,0,0.00,,
02-Mar-26,B01LWX7WBR,0,0,0,-1.92,,,0,0,0,0,0.00,2,0.00 %,,,0.00 %,0,0,0,0,,1.92,0,,
02-Mar-26,B01MFI3MCW,0,0,0,-0.95,,,0,0,0,0,0.00,2,0.00 %,,,0.00 %,0,0,0,0,,0.95,0,,
02-Mar-26,B01N3OVRWE,0,0,0,-14.95,,,0,0,0,0,0.00,46,0.00 %,,,0.00 %,0,0,0,0,,14.95,0,,
02-Mar-26,B06XCRF7RF,0,0,0,-4.01,,,0,0,0,0,0.00,8,0.00 %,,,0.00 %,0,0,0,0,,4.01,0,,
02-Mar-26,B06XS3D5RG,0,0,0,-2.61,,,0,0,0,0,0.00,3,0.00 %,,,0.00 %,0,0,0,0,,2.61,0,,
02-Mar-26,B06XS9FDG6,0,0,0,-3.41,,,0,0,0,0,0.00,5,0.00 %,,,0.00 %,0,0,0,0,,3.41,0,,
02-Mar-26,B074496RQ5,0,0,0,-0.97,,,0,0,0,0,0.00,1,0.00 %,,,0.00 %,0,0,0,0,,0.97,0,,
02-Mar-26,B07NZM7X6F,0,0,0,-23.28,45.12 %,,0,0,1,1,51.60,26,0.00 %,,,0.00 %,0,0,0,0,,23.28,0,,
02-Mar-26,B093P2DLLJ,0,0,0,-4.54,,,0,0,0,0,0.00,8,0.00 %,,,0.00 %,0,0,0,0,,4.54,0,,
02-Mar-26,B093P9QGZL,0,0,0,-0.75,,,0,0,0,0,0.00,3,0.00 %,,,0.00 %,0,0,0,0,,0.75,0,,
02-Mar-26,B0C3GC6N5W,0,0,0,-2.11,,,0,0,0,0,0.00,9,0.00 %,,,0.00 %,0,0,0,0,,2.11,0,,
02-Mar-26,B0C3GNK3VF,0,0,0,-4.59,,,0,0,0,0,0.00,9,0.00 %,,,0.00 %,0,0,0,0,,4.59,0,,
02-Mar-26,B0CNRJK9ZG,0,0,0,-1.38,,,0,0,0,0,0.00,1,0.00 %,,,0.00 %,0,0,0,0,,1.38,0,,
02-Mar-26,B0CNRJXBYP,0,0,0,-2.03,,,0,0,0,0,0.00,6,0.00 %,,,0.00 %,0,0,0,0,,2.03,0,,
02-Mar-26,B0CNRK82V4,0,0,0,-1.24,,,0,0,0,0,0.00,1,0.00 %,,,0.00 %,0,0,0,0,,1.24,0,,
02-Mar-26,B0CNRKL7SX,0,0,0,-1.19,,,0,0,0,0,0.00,3,0.00 %,,,0.00 %,0,0,0,0,,1.19,0,,
02-Mar-26,B0CNRLQVH7,0,0,0,-0.93,,,0,0,0,0,0.00,1,0.00 %,,,0.00 %,0,0,0,0,,0.93,0,,
02-Mar-26,B093P8LWNV,0,0,0,0,,,0,0,0,0,0,2,0.00 %,,,0.00 %,0,0,0,0,,0,0,,
02-Mar-26,B09T36PXKX,0,0,0,0,,,0,0,0,0,0,11,0.00 %,,,0.00 %,0,0,0,0,,0,0,,
02-Mar-26,B0CNRJDM2J,0,0,0,0,,,0,0,0,0,0,1,0.00 %,,,0.00 %,0,0,0,0,,0,0,,
02-Mar-26,B0DP27SKJN,0,0,0,0,,,0,0,0,0,0,1,0.00 %,,,0.00 %,0,0,0,0,,0,0,,
02-Mar-26,B0DP29LW5K,0,0,0,0,,,0,0,0,0,0,1,0.00 %,,,0.00 %,0,0,0,0,,0,0,,
02-Mar-26,B0DP2BK94D,0,0,0,0,,,0,0,0,0,0,1,0.00 %,,,0.00 %,0,0,0,0,,0,0,,
02-Mar-26,B0F1D2B3FG,0,0,0,0,,,0,0,0,0,0,6,0.00 %,,,0.00 %,0,0,0,0,,0,0,,
02-Mar-26,B0F1D3VGX6,0,0,0,0,,,0,0,0,0,0,8,0.00 %,,,0.00 %,0,0,0,0,,0,0,,
02-Mar-26,B0F1D4F97T,0,0,0,0,,,0,0,0,0,0,3,0.00 %,,,0.00 %,0,0,0,0,,0,0,,
02-Mar-26,B0FCRQRHJ8,0,0,0,0,,,0,0,0,0,0,4,0.00 %,,,0.00 %,0,0,0,0,,0,0,,
02-Mar-26,B0FD3LHYMN,0,0,0,0,,,0,0,0,0,0,1,0.00 %,,,0.00 %,0,0,0,0,,0,0,,
02-Mar-26,B0FD3MZ97V,0,0,0,0,,,0,0,0,0,0,2,0.00 %,,,0.00 %,0,0,0,0,,0,0,,
02-Mar-26,Sponsored Brands Product Collection/Brand Video,0,0,0,-49.24,,,0,0,4,4,97.57,,,,,0.00 %,0,0,0,0,,49.24,0,,
01-Mar-26,B01N3OVRWE,2,2,103.20,66.48,,8.35 %,2,0,0,0,0.00,34,5.88 %,51.60,,64.42 %,0,0,13.42,14.68,,8.62,0.00,,
01-Mar-26,B06XCRF7RF,1,1,40.00,24.66,6.00 %,6.00 %,0,0,1,1,40.00,7,14.29 %,40.00,,61.65 %,0,0,5.60,7.34,,2.40,0.00,,
01-Mar-26,B093P2DLLJ,1,1,64.50,43.49,8.19 %,8.19 %,0,0,1,1,64.50,11,9.09 %,64.50,,67.43 %,0,0,8.39,7.34,,5.28,0.00,,
01-Mar-26,B0C3GC6N5W,1,1,52.00,36.99,,1.75 %,1,0,0,0,0.00,8,12.50 %,52.00,,71.13 %,0,0,6.76,7.34,,0.91,0.00,,
01-Mar-26,B0FCRLQG4B,2,2,23.98,13.34,,,2,0,0,0,0,4,50.00 %,11.99,,55.63 %,0,0,3.36,7.28,,0,0.00,,
01-Mar-26,B0FD3PMPVC,1,2,33.98,20.12,,,2,0,0,0,0,7,14.29 %,16.99,,59.21 %,0,0,4.76,9.10,,0,0.00,,
01-Mar-26,B01KHB8DKA,0,0,0,-5.06,,,0,0,0,0,0.00,14,0.00 %,,,0.00 %,0,0,0,0,,5.06,0,,
01-Mar-26,B01KHB8E4A,0,0,0,-2.32,1.50 %,,0,0,3,3,154.80,10,0.00 %,,,0.00 %,0,0,0,0,,2.32,0,,
01-Mar-26,B01MFI3MCW,0,0,0,-0.79,,,0,0,0,0,0.00,2,0.00 %,,,0.00 %,0,0,0,0,,0.79,0,,
01-Mar-26,B06XS3D5RG,0,0,0,-3.19,,,0,0,0,0,0.00,4,0.00 %,,,0.00 %,0,0,0,0,,3.19,0,,
01-Mar-26,B06XS9FDG6,0,0,0,-3.18,,,0,0,0,0,0.00,5,0.00 %,,,0.00 %,0,0,0,0,,3.18,0,,
01-Mar-26,B074496RQ5,0,0,0,-0.41,,,0,0,0,0,0.00,2,0.00 %,,,0.00 %,0,0,0,0,,0.41,0,,
01-Mar-26,B07NZM7X6F,0,0,0,-13.59,,,0,0,0,0,0.00,14,0.00 %,,,0.00 %,0,0,0,0,,13.59,0,,
01-Mar-26,B0C3GNK3VF,0,0,0,-2.66,,,0,0,0,0,0.00,6,0.00 %,,,0.00 %,0,0,0,0,,2.66,0,,
01-Mar-26,B0CNRJDM2J,0,0,0,-2.41,,,0,0,0,0,0.00,10,0.00 %,,,0.00 %,0,0,0,0,,2.41,0,,
01-Mar-26,B0CNRJK9ZG,0,0,0,-2.21,,,0,0,0,0,0.00,2,0.00 %,,,0.00 %,0,0,0,0,,2.21,0,,
01-Mar-26,B0CNRJXBYP,0,0,0,-4.10,,,0,0,0,0,0.00,12,0.00 %,,,0.00 %,0,0,0,0,,4.10,0,,
01-Mar-26,B0CNRKL7SX,0,0,0,-1.12,2.15 %,,0,0,1,1,52.00,4,0.00 %,,,0.00 %,0,0,0,0,,1.12,0,,
01-Mar-26,B0CNRLQVH7,0,0,0,-0.99,,,0,0,0,0,0.00,1,0.00 %,,,0.00 %,0,0,0,0,,0.99,0,,
01-Mar-26,B0F1D3VGX6,0,0,0,-1.52,,,0,0,0,0,0.00,4,0.00 %,,,0.00 %,0,0,0,0,,1.52,0,,
01-Mar-26,B01LWX7WBR,0,0,0,0,,,0,0,0,0,0,2,0.00 %,,,0.00 %,0,0,0,0,,0,0,,
01-Mar-26,B093P9QGZL,0,0,0,0,,,0,0,0,0,0,1,0.00 %,,,0.00 %,0,0,0,0,,0,0,,
01-Mar-26,B09T36PXKX,0,0,0,0,,,0,0,0,0,0,14,0.00 %,,,0.00 %,0,0,0,0,,0,0,,
01-Mar-26,B0CNRK82V4,0,0,0,0,,,0,0,0,0,0,2,0.00 %,,,0.00 %,0,0,0,0,,0,0,,
01-Mar-26,B0DP27SKJN,0,0,0,0,,,0,0,0,0,0,1,0.00 %,,,0.00 %,0,0,0,0,,0,0,,
01-Mar-26,B0DP2BK94D,0,0,0,0,,,0,0,0,0,0,1,0.00 %,,,0.00 %,0,0,0,0,,0,0,,
01-Mar-26,B0F1D2B3FG,0,0,0,0,,,0,0,0,0,0,6,0.00 %,,,0.00 %,0,0,0,0,,0,0,,
01-Mar-26,B0F1D2HHD4,0,0,0,0,,,0,0,0,0,0,1,0.00 %,,,0.00 %,0,0,0,0,,0,0,,
01-Mar-26,B0F1D4F97T,0,0,0,0,,,0,0,0,0,0,2,0.00 %,,,0.00 %,0,0,0,0,,0,0,,
01-Mar-26,B0FCRCZ1HC,0,0,0,0,,,0,0,0,0,0,2,0.00 %,,,0.00 %,0,0,0,0,,0,0,,
01-Mar-26,B0FCRQRHJ8,0,0,0,0,,,0,0,0,0,0,2,0.00 %,,,0.00 %,0,0,0,0,,0,0,,
01-Mar-26,B0FD3MZ97V,0,0,0,0,,,0,0,0,0,0,1,0.00 %,,,0.00 %,0,0,0,0,,0,0,,
01-Mar-26,B0FD3PSJG3,0,0,0,0,,,0,0,0,0,0,2,0.00 %,,,0.00 %,0,0,0,0,,0,0,,
01-Mar-26,Sponsored Brands Product Collection/Brand Video,0,0,0,-50.79,,,0,0,2,2,28.98,,,,,0.00 %,0,0,0,0,,50.79,0,,
28-Feb-26,B01LWX7WBR,1,1,64.50,45.91,,4.43 %,1,0,0,0,0.00,5,20.00 %,64.50,,71.18 %,0,0,8.39,7.34,,2.86,0.00,,
28-Feb-26,B01N3OVRWE,2,3,154.80,97.01,,7.82 %,3,0,0,0,0.00,40,5.00 %,51.60,,62.67 %,0,0,21.48,24.21,,12.10,0.00,,
28-Feb-26,B093P9QGZL,1,1,64.50,47.98,,,1,0,0,0,0,1,100.00 %,64.50,,74.39 %,0,0,8.45,8.07,,0,0.00,,
28-Feb-26,B0FCRLQG4B,1,1,11.99,6.31,,,1,0,0,0,0,11,9.09 %,11.99,,52.63 %,0,0,1.68,4.00,,0,0.00,,
28-Feb-26,B01KHB8DKA,0,0,0,-0.44,,,0,0,0,0,0.00,12,0.00 %,,,0.00 %,0,0,0,0,,0.44,0,,
28-Feb-26,B06XCRF7RF,0,0,0,-3.65,,,0,0,0,0,0.00,10,0.00 %,,,0.00 %,0,0,0,0,,3.65,0,,
28-Feb-26,B06XS3D5RG,0,0,0,-1.40,,,0,0,0,0,0.00,3,0.00 %,,,0.00 %,0,0,0,0,,1.40,0,,
28-Feb-26,B06XS9FDG6,0,0,0,-2.95,5.72 %,,0,0,1,1,51.60,5,0.00 %,,,0.00 %,0,0,0,0,,2.95,0,,
28-Feb-26,B07NZM7X6F,0,0,0,-12.77,,,0,0,0,0,0.00,21,0.00 %,,,0.00 %,0,0,0,0,,12.77,0,,
28-Feb-26,B093P2DLLJ,0,0,0,-3.85,,,0,0,0,0,0.00,8,0.00 %,,,0.00 %,0,0,0,0,,3.85,0,,
28-Feb-26,B0C3GC6N5W,0,0,0,-1.69,,,0,0,0,0,0.00,4,0.00 %,,,0.00 %,0,0,0,0,,1.69,0,,
28-Feb-26,B0C3GNK3VF,0,0,0,-2.53,,,0,0,0,0,0.00,6,0.00 %,,,0.00 %,0,0,0,0,,2.53,0,,
28-Feb-26,B0CNRJDM2J,0,0,0,-3.99,,,0,0,0,0,0.00,7,0.00 %,,,0.00 %,0,0,0,0,,3.99,0,,
28-Feb-26,B0CNRJXBYP,0,0,0,-3.23,,,0,0,0,0,0.00,7,0.00 %,,,0.00 %,0,0,0,0,,3.23,0,,
28-Feb-26,B0CNRK82V4,0,0,0,-2.50,,,0,0,0,0,0.00,3,0.00 %,,,0.00 %,0,0,0,0,,2.50,0,,
28-Feb-26,B0CNRKL7SX,0,0,0,-1.36,,,0,0,0,0,0.00,5,0.00 %,,,0.00 %,0,0,0,0,,1.36,0,,
28-Feb-26,B0CNRLQVH7,0,0,0,-0.96,,,0,0,0,0,0.00,3,0.00 %,,,0.00 %,0,0,0,0,,0.96,0,,
28-Feb-26,B0F1D1CFHP,0,0,0,-0.75,,,0,0,0,0,0.00,1,0.00 %,,,0.00 %,0,0,0,0,,0.75,0,,
28-Feb-26,B0F1D3VGX6,0,0,0,-1.40,,,0,0,0,0,0.00,5,0.00 %,,,0.00 %,0,0,0,0,,1.40,0,,
28-Feb-26,B0FCRQRHJ8,0,0,0,-0.58,,,0,0,0,0,0.00,2,0.00 %,,,0.00 %,0,0,0,0,,0.58,0,,
28-Feb-26,B0FD3PSJG3,0,0,0,-1.09,,,0,0,0,0,0.00,6,0.00 %,,,0.00 %,0,0,0,0,,1.09,0,,
28-Feb-26,B01KHB8E4A,0,0,0,0,,,0,0,0,0,0,10,0.00 %,,,0.00 %,0,0,0,0,,0,0,,
28-Feb-26,B09T36PXKX,0,0,0,0,,,0,0,0,0,0,7,0.00 %,,,0.00 %,0,0,0,0,,0,0,,
28-Feb-26,B0CNRJK9ZG,0,0,0,0,,,0,0,0,0,0,2,0.00 %,,,0.00 %,0,0,0,0,,0,0,,
28-Feb-26,B0DP29LW5K,0,0,0,0,,,0,0,0,0,0,1,0.00 %,,,0.00 %,0,0,0,0,,0,0,,
28-Feb-26,B0DP2BK94D,0,0,0,0,,,0,0,0,0,0,1,0.00 %,,,0.00 %,0,0,0,0,,0,0,,
28-Feb-26,B0F1D2B3FG,0,0,0,0,,,0,0,0,0,0,4,0.00 %,,,0.00 %,0,0,0,0,,0,0,,
28-Feb-26,B0F1D4F97T,0,0,0,0,,,0,0,0,0,0,1,0.00 %,,,0.00 %,0,0,0,0,,0,0,,
28-Feb-26,B0FCRCZ1HC,0,0,0,0,,,0,0,0,0,0,1,0.00 %,,,0.00 %,0,0,0,0,,0,0,,
28-Feb-26,B0FCRK9JCK,0,0,0,0,,,0,0,0,0,0,3,0.00 %,,,0.00 %,0,0,0,0,,0,0,,
28-Feb-26,B0FD3MZ97V,0,0,0,0,,,0,0,0,0,0,2,0.00 %,,,0.00 %,0,0,0,0,,0,0,,
28-Feb-26,B0FD3PMPVC,0,0,0,0,,,0,0,0,0,0,2,0.00 %,,,0.00 %,0,0,0,0,,0,0,,
28-Feb-26,Sponsored Brands Product Collection/Brand Video,0,0,0,-45.19,,,0,0,1,1,11.99,,,,,0.00 %,0,0,0,0,,45.19,0,,
27-Feb-26,B01N3OVRWE,5,6,322.50,223.93,17.54 %,2.81 %,5,0,1,1,51.60,40,12.50 %,53.75,,69.44 %,0,0,43.29,46.23,,9.05,0.00,,
27-Feb-26,B0CNRJXBYP,1,1,84.50,65.98,,,1,0,0,0,0,6,16.67 %,84.50,,78.08 %,0,0,10.45,8.07,,0,0.00,,
27-Feb-26,B0FCRLQG4B,2,3,35.97,19.08,,1.58 %,3,0,0,0,0.00,11,18.18 %,11.99,,53.04 %,0,0,5.04,11.28,,0.57,0.00,,
27-Feb-26,B0FCRQRHJ8,1,1,11.99,6.31,,,1,0,0,0,0,5,20.00 %,11.99,,52.63 %,0,0,1.68,4.00,,0,0.00,,
27-Feb-26,B01KHB8DKA,0,0,0,-3.05,4.73 %,,0,0,1,1,64.50,11,0.00 %,,,0.00 %,0,0,0,0,,3.05,0,,
27-Feb-26,B01LWX7WBR,0,0,0,-2.85,4.42 %,,0,0,1,1,64.50,3,0.00 %,,,0.00 %,0,0,0,0,,2.85,0,,
27-Feb-26,B01MFI3MCW,0,0,0,-3.72,,,0,0,0,0,0.00,4,0.00 %,,,0.00 %,0,0,0,0,,3.72,0,,
27-Feb-26,B06XCRF7RF,0,0,0,-3.28,,,0,0,0,0,0.00,9,0.00 %,,,0.00 %,0,0,0,0,,3.28,0,,
27-Feb-26,B06XS9FDG6,0,0,0,-1.84,,,0,0,0,0,0.00,3,0.00 %,,,0.00 %,0,0,0,0,,1.84,0,,
27-Feb-26,B074496RQ5,0,0,0,-1.35,,,0,0,0,0,0.00,2,0.00 %,,,0.00 %,0,0,0,0,,1.35,0,,
27-Feb-26,B07NZM7X6F,0,0,0,-10.47,,,0,0,0,0,0.00,12,0.00 %,,,0.00 %,0,0,0,0,,10.47,0,,
27-Feb-26,B093P2DLLJ,0,0,0,-3.58,,,0,0,0,0,0.00,6,0.00 %,,,0.00 %,0,0,0,0,,3.58,0,,
27-Feb-26,B0C3GNK3VF,0,0,0,-2.74,,,0,0,0,0,0.00,7,0.00 %,,,0.00 %,0,0,0,0,,2.74,0,,
27-Feb-26,B0CNRK82V4,0,0,0,-1.41,,,0,0,0,0,0.00,2,0.00 %,,,0.00 %,0,0,0,0,,1.41,0,,
27-Feb-26,B0CNRLQVH7,0,0,0,-2.38,,,0,0,0,0,0.00,2,0.00 %,,,0.00 %,0,0,0,0,,2.38,0,,
27-Feb-26,B0F1D4F97T,0,0,0,-0.97,,,0,0,0,0,0.00,4,0.00 %,,,0.00 %,0,0,0,0,,0.97,0,,
27-Feb-26,B01KHB8E4A,0,0,0,0,,,0,0,0,0,0,13,0.00 %,,,0.00 %,0,0,0,0,,0,0,,
27-Feb-26,B06XS3D5RG,0,0,0,0,,,0,0,0,0,0,3,0.00 %,,,0.00 %,0,0,0,0,,0,0,,
27-Feb-26,B093P8LWNV,0,0,0,0,,,0,0,0,0,0,1,0.00 %,,,0.00 %,0,0,0,0,,0,0,,
27-Feb-26,B093P9QGZL,0,0,0,0,,,0,0,0,0,0,1,0.00 %,,,0.00 %,0,0,0,0,,0,0,,
27-Feb-26,B09R4DDJ78,0,0,0,0,,,0,0,0,0,0,1,0.00 %,,,0.00 %,0,0,0,0,,0,0,,
27-Feb-26,B09T36PXKX,0,0,0,0,,,0,0,0,0,0,7,0.00 %,,,0.00 %,0,0,0,0,,0,0,,
27-Feb-26,B0C3GC6N5W,0,0,0,0,,,0,0,0,0,0,3,0.00 %,,,0.00 %,0,0,0,0,,0,0,,
27-Feb-26,B0CNRJDM2J,0,0,0,0,,,0,0,0,0,0,5,0.00 %,,,0.00 %,0,0,0,0,,0,0,,
27-Feb-26,B0CNRJK9ZG,0,0,0,0,,,0,0,0,0,0,1,0.00 %,,,0.00 %,0,0,0,0,,0,0,,
27-Feb-26,B0CNRKL7SX,0,0,0,0,,,0,0,0,0,0,2,0.00 %,,,0.00 %,0,0,0,0,,0,0,,
27-Feb-26,B0F1D2B3FG,0,0,0,0,,,0,0,0,0,0,6,0.00 %,,,0.00 %,0,0,0,0,,0,0,,
27-Feb-26,B0F1D3VGX6,0,0,0,0,,,0,0,0,0,0,12,0.00 %,,,0.00 %,0,0,0,0,,0,0,,
27-Feb-26,B0FCRCZ1HC,0,0,0,0,,,0,0,0,0,0,1,0.00 %,,,0.00 %,0,0,0,0,,0,0,,
27-Feb-26,B0FCRK9JCK,0,0,0,0,,,0,0,0,0,0,1,0.00 %,,,0.00 %,0,0,0,0,,0,0,,
27-Feb-26,B0FD3LHYMN,0,0,0,0,,,0,0,0,0,0,1,0.00 %,,,0.00 %,0,0,0,0,,0,0,,
27-Feb-26,B0FD3MZ97V,0,0,0,0,,,0,0,0,0,0,2,0.00 %,,,0.00 %,0,0,0,0,,0,0,,
27-Feb-26,B0FD3PSJG3,0,0,0,0,,,0,0,0,0,0,5,0.00 %,,,0.00 %,0,0,0,0,,0,0,,
27-Feb-26,Sponsored Brands Product Collection/Brand Video,0,0,0,-59.80,,,0,0,3,4,87.57,,,,,0.00 %,0,0,0,0,,59.80,0,,
26-Feb-26,B06XCRF7RF,1,1,40.00,24.40,,4.83 %,1,0,0,0,0.00,7,14.29 %,40.00,,61.00 %,0,0,5.60,8.07,,1.93,0.00,,
26-Feb-26,B093P2DLLJ,1,1,64.50,41.95,,9.35 %,1,0,0,0,0.00,11,9.09 %,64.50,,65.04 %,0,0,8.45,8.07,,6.03,0.00,,
26-Feb-26,B0FCRLQG4B,3,4,47.96,24.58,,1.36 %,4,0,0,0,0.00,14,21.43 %,11.99,,51.25 %,0,0,6.72,16.01,,0.65,0.00,,
26-Feb-26,B0FD3PSJG3,1,1,16.99,9.60,,,1,0,0,0,0,5,20.00 %,16.99,,56.50 %,0,0,2.38,5.01,,0,0.00,,
26-Feb-26,B01KHB8DKA,0,0,0,-4.67,,,0,0,0,0,0.00,19,0.00 %,,,0.00 %,0,0,0,0,,4.67,0,,
26-Feb-26,B01KHB8E4A,0,0,0,-1.82,,,0,0,0,0,0.00,15,0.00 %,,,0.00 %,0,0,0,0,,1.82,0,,
26-Feb-26,B01LWX7WBR,0,0,0,-1.46,,,0,0,0,0,0.00,3,0.00 %,,,0.00 %,0,0,0,0,,1.46,0,,
26-Feb-26,B01N3OVRWE,0,0,0,-8.28,,,0,0,0,0,0.00,41,0.00 %,,,0.00 %,0,0,0,0,,8.28,0,,
26-Feb-26,B06XS3D5RG,0,0,0,-2.76,,,0,0,0,0,0.00,2,0.00 %,,,0.00 %,0,0,0,0,,2.76,0,,
26-Feb-26,B06XS9FDG6,0,0,0,-4.54,,,0,0,0,0,0.00,8,0.00 %,,,0.00 %,0,0,0,0,,4.54,0,,
26-Feb-26,B074496RQ5,0,0,0,-2.51,,,0,0,0,0,0.00,3,0.00 %,,,0.00 %,0,0,0,0,,2.51,0,,
26-Feb-26,B07NZM7X6F,0,0,0,-16.50,,,0,0,0,0,0.00,22,0.00 %,,,0.00 %,0,0,0,0,,16.50,0,,
26-Feb-26,B093P9QGZL,0,0,0,-0.70,,,0,0,0,0,0.00,4,0.00 %,,,0.00 %,0,0,0,0,,0.70,0,,
26-Feb-26,B0C3GC6N5W,0,0,0,-0.98,,,0,0,0,0,0.00,8,0.00 %,,,0.00 %,0,0,0,0,,0.98,0,,
26-Feb-26,B0C3GNK3VF,0,0,0,-4.86,,,0,0,0,0,0.00,9,0.00 %,,,0.00 %,0,0,0,0,,4.86,0,,
26-Feb-26,B0CNRJDM2J,0,0,0,-1.10,,,0,0,0,0,0.00,5,0.00 %,,,0.00 %,0,0,0,0,,1.10,0,,
26-Feb-26,B0CNRJK9ZG,0,0,0,-1.11,,,0,0,0,0,0.00,1,0.00 %,,,0.00 %,0,0,0,0,,1.11,0,,
26-Feb-26,B0CNRJXBYP,0,0,0,-2.33,,,0,0,0,0,0.00,6,0.00 %,,,0.00 %,0,0,0,0,,2.33,0,,
26-Feb-26,B0CNRK82V4,0,0,0,-1.38,,,0,0,0,0,0.00,1,0.00 %,,,0.00 %,0,0,0,0,,1.38,0,,
26-Feb-26,B0CNRLQVH7,0,0,0,-1.00,,,0,0,0,0,0.00,2,0.00 %,,,0.00 %,0,0,0,0,,1.00,0,,
26-Feb-26,B0F1D3VGX6,0,0,0,-1.18,,,0,0,0,0,0.00,6,0.00 %,,,0.00 %,0,0,0,0,,1.18,0,,
26-Feb-26,B093P8LWNV,0,0,0,0,,,0,0,0,0,0,2,0.00 %,,,0.00 %,0,0,0,0,,0,0,,
26-Feb-26,B09R4DDJ78,0,0,0,0,,,0,0,0,0,0,1,0.00 %,,,0.00 %,0,0,0,0,,0,0,,
26-Feb-26,B09T36PXKX,0,0,0,0,,,0,0,0,0,0,12,0.00 %,,,0.00 %,0,0,0,0,,0,0,,
26-Feb-26,B0F1D1CFHP,0,0,0,0,,,0,0,0,0,0,1,0.00 %,,,0.00 %,0,0,0,0,,0,0,,
26-Feb-26,B0F1D2B3FG,0,0,0,0,,,0,0,0,0,0,4,0.00 %,,,0.00 %,0,0,0,0,,0,0,,
26-Feb-26,B0F1D4F97T,0,0,0,0,,,0,0,0,0,0,1,0.00 %,,,0.00 %,0,0,0,0,,0,0,,
26-Feb-26,B0FCRCZ1HC,0,0,0,0,,,0,0,0,0,0,1,0.00 %,,,0.00 %,0,0,0,0,,0,0,,
26-Feb-26,B0FCRK9JCK,0,0,0,0,,,0,0,0,0,0,2,0.00 %,,,0.00 %,0,0,0,0,,0,0,,
26-Feb-26,B0FCRQRHJ8,0,0,0,0,,,0,0,0,0,0,2,0.00 %,,,0.00 %,0,0,0,0,,0,0,,
26-Feb-26,B0FD3LHYMN,0,0,0,0,,,0,0,0,0,0,3,0.00 %,,,0.00 %,0,0,0,0,,0,0,,
26-Feb-26,B0FD3MZ97V,0,0,0,0,,,0,0,0,0,0,2,0.00 %,,,0.00 %,0,0,0,0,,0,0,,
26-Feb-26,Sponsored Brands Product Collection/Brand Video,0,0,0,-53.18,,,0,0,2,3,88.48,,,,,0.00 %,0,0,0,0,,53.18,0,,
25-Feb-26,B06XS9FDG6,1,1,54.00,30.54,,14.80 %,1,0,0,0,0.00,16,6.25 %,54.00,,56.56 %,0,0,7.40,8.07,,7.99,0.00,,
25-Feb-26,B07NZM7X6F,1,1,51.60,19.70,32.31 %,32.31 %,0,0,1,1,51.60,20,5.00 %,51.60,,38.18 %,0,0,7.16,8.07,,16.67,0.00,,
25-Feb-26,B0C3GC6N5W,1,1,52.00,34.46,,4.37 %,1,0,0,0,0.00,8,12.50 %,52.00,,66.27 %,0,0,7.20,8.07,,2.27,0.00,,
25-Feb-26,B0FCRLQG4B,2,2,23.98,12.62,,,2,0,0,0,0,9,22.22 %,11.99,,52.63 %,0,0,3.36,8.00,,0,0.00,,
25-Feb-26,B0FD3MZ97V,1,1,16.99,9.60,,,1,0,0,0,0,1,100.00 %,16.99,,56.50 %,0,0,2.38,5.01,,0,0.00,,
25-Feb-26,B01KHB8DKA,0,0,0,-8.49,,,0,0,0,0,0.00,20,0.00 %,,,0.00 %,0,0,0,0,,8.49,0,,
25-Feb-26,B01KHB8E4A,0,0,0,-1.96,,,0,0,0,0,0.00,16,0.00 %,,,0.00 %,0,0,0,0,,1.96,0,,
25-Feb-26,B01LWX7WBR,0,0,0,-3.84,7.38 %,,0,0,1,1,52.00,9,0.00 %,,,0.00 %,0,0,0,0,,3.84,0,,
25-Feb-26,B01MFI3MCW,0,0,0,-0.82,,,0,0,0,0,0.00,2,0.00 %,,,0.00 %,0,0,0,0,,0.82,0,,
25-Feb-26,B01N3OVRWE,0,0,0,-10.89,,,0,0,0,0,0.00,46,0.00 %,,,0.00 %,0,0,0,0,,10.89,0,,
25-Feb-26,B06XCRF7RF,0,0,0,-5.19,,,0,0,0,0,0.00,9,0.00 %,,,0.00 %,0,0,0,0,,5.19,0,,
25-Feb-26,B06XS3D5RG,0,0,0,-0.85,,,0,0,0,0,0.00,5,0.00 %,,,0.00 %,0,0,0,0,,0.85,0,,
25-Feb-26,B074496RQ5,0,0,0,-1.49,,,0,0,0,0,0.00,4,0.00 %,,,0.00 %,0,0,0,0,,1.49,0,,
25-Feb-26,B093P2DLLJ,0,0,0,-3.78,,,0,0,0,0,0.00,8,0.00 %,,,0.00 %,0,0,0,0,,3.78,0,,
25-Feb-26,B0C3GNK3VF,0,0,0,-0.06,,,0,0,0,0,0.00,9,0.00 %,,,0.00 %,0,0,0,0,,0.06,0,,
25-Feb-26,B0CNRJDM2J,0,0,0,-2.58,,,0,0,0,0,0.00,4,0.00 %,,,0.00 %,0,0,0,0,,2.58,0,,
25-Feb-26,B0CNRJXBYP,0,0,0,-5.26,,,0,0,0,0,0.00,15,0.00 %,,,0.00 %,0,0,0,0,,5.26,0,,
25-Feb-26,B0CNRK82V4,0,0,0,-2.61,,,0,0,0,0,0.00,4,0.00 %,,,0.00 %,0,0,0,0,,2.61,0,,
25-Feb-26,B0F1D3VGX6,0,0,0,-2.59,,,0,0,0,0,0.00,11,0.00 %,,,0.00 %,0,0,0,0,,2.59,0,,
25-Feb-26,B093P8LWNV,0,0,0,0,,,0,0,0,0,0,2,0.00 %,,,0.00 %,0,0,0,0,,0,0,,
25-Feb-26,B09T36PXKX,0,0,0,0,,,0,0,0,0,0,6,0.00 %,,,0.00 %,0,0,0,0,,0,0,,
25-Feb-26,B0CNRJK9ZG,0,0,0,0,,,0,0,0,0,0,2,0.00 %,,,0.00 %,0,0,0,0,,0,0,,
25-Feb-26,B0CNRKL7SX,0,0,0,0,,,0,0,0,0,0,3,0.00 %,,,0.00 %,0,0,0,0,,0,0,,
25-Feb-26,B0F1D2B3FG,0,0,0,0,,,0,0,0,0,0,11,0.00 %,,,0.00 %,0,0,0,0,,0,0,,
25-Feb-26,B0F1D4F97T,0,0,0,0,,,0,0,0,0,0,1,0.00 %,,,0.00 %,0,0,0,0,,0,0,,
25-Feb-26,B0FCRK9JCK,0,0,0,0,,,0,0,0,0,0,2,0.00 %,,,0.00 %,0,0,0,0,,0,0,,
25-Feb-26,B0FCRQRHJ8,0,0,0,0,,,0,0,0,0,0,4,0.00 %,,,0.00 %,0,0,0,0,,0,0,,
25-Feb-26,B0FD3LHYMN,0,0,0,0,,,0,0,0,0,0,1,0.00 %,,,0.00 %,0,0,0,0,,0,0,,
25-Feb-26,B0FD3PSJG3,0,0,0,0,,,0,0,0,0,0,8,0.00 %,,,0.00 %,0,0,0,0,,0,0,,
25-Feb-26,Sponsored Brands Product Collection/Brand Video,0,0,0,-66.79,,,0,0,2,2,28.98,,,,,0.00 %,0,0,0,0,,66.79,0,,
24-Feb-26,B06XS9FDG6,1,1,64.50,40.20,,12.06 %,1,0,0,0,0.00,10,10.00 %,64.50,,62.33 %,0,0,8.45,8.07,,7.78,0.00,,
24-Feb-26,B0F1D2B3FG,1,1,33.50,21.35,,,1,0,0,0,0,15,6.67 %,33.50,,63.73 %,0,0,4.69,7.46,,0,0.00,,
24-Feb-26,B0FCRLQG4B,1,1,11.99,6.31,,,1,0,0,0,0,10,10.00 %,11.99,,52.63 %,0,0,1.68,4.00,,0,0.00,,
24-Feb-26,B0FCRQRHJ8,1,1,11.99,6.31,,,1,0,0,0,0,7,14.29 %,11.99,,52.63 %,0,0,1.68,4.00,,0,0.00,,
24-Feb-26,B0FD3PSJG3,1,1,16.99,9.60,,,1,0,0,0,0,6,16.67 %,16.99,,56.50 %,0,0,2.38,5.01,,0,0.00,,
24-Feb-26,B01KHB8DKA,0,0,0,-4.47,,,0,0,0,0,0.00,9,0.00 %,,,0.00 %,0,0,0,0,,4.47,0,,
24-Feb-26,B01KHB8E4A,0,0,0,-2.16,,,0,0,0,0,0.00,15,0.00 %,,,0.00 %,0,0,0,0,,2.16,0,,
24-Feb-26,B01LWX7WBR,0,0,0,-3.66,,,0,0,0,0,0.00,10,0.00 %,,,0.00 %,0,0,0,0,,3.66,0,,
24-Feb-26,B01N3OVRWE,0,0,0,-8.45,,,0,0,0,0,0.00,40,0.00 %,,,0.00 %,0,0,0,0,,8.45,0,,
24-Feb-26,B06XCRF7RF,0,0,0,-3.84,,,0,0,0,0,0.00,9,0.00 %,,,0.00 %,0,0,0,0,,3.84,0,,
24-Feb-26,B06XS3D5RG,0,0,0,-1.57,,,0,0,0,0,0.00,5,0.00 %,,,0.00 %,0,0,0,0,,1.57,0,,
24-Feb-26,B07NZM7X6F,0,0,0,-2.07,,,0,0,0,0,0.00,11,0.00 %,,,0.00 %,0,0,0,0,,2.07,0,,
24-Feb-26,B093P2DLLJ,0,0,0,-0.83,,,0,0,0,0,0.00,14,0.00 %,,,0.00 %,0,0,0,0,,0.83,0,,
24-Feb-26,B09T36PXKX,0,0,0,-0.73,,,0,0,0,0,0.00,14,0.00 %,,,0.00 %,0,0,0,0,,0.73,0,,
24-Feb-26,B0C3GC6N5W,0,0,0,-4.18,,,0,0,0,0,0.00,8,0.00 %,,,0.00 %,0,0,0,0,,4.18,0,,
24-Feb-26,B0C3GNK3VF,0,0,0,-6.46,,,0,0,0,0,0.00,10,0.00 %,,,0.00 %,0,0,0,0,,6.46,0,,
24-Feb-26,B0CNRJDM2J,0,0,0,-0.82,,,0,0,0,0,0.00,4,0.00 %,,,0.00 %,0,0,0,0,,0.82,0,,
24-Feb-26,B0CNRJK9ZG,0,0,0,-1.07,,,0,0,0,0,0.00,2,0.00 %,,,0.00 %,0,0,0,0,,1.07,0,,
24-Feb-26,B0CNRJXBYP,0,0,0,-0.67,,,0,0,0,0,0.00,3,0.00 %,,,0.00 %,0,0,0,0,,0.67,0,,
24-Feb-26,B0CNRLQVH7,0,0,0,-1.20,,,0,0,0,0,0.00,2,0.00 %,,,0.00 %,0,0,0,0,,1.20,0,,
24-Feb-26,B0FCRK9JCK,0,0,0,-0.58,,,0,0,0,0,0.00,3,0.00 %,,,0.00 %,0,0,0,0,,0.58,0,,
24-Feb-26,B01MFI3MCW,0,0,0,0,,,0,0,0,0,0,2,0.00 %,,,0.00 %,0,0,0,0,,0,0,,
24-Feb-26,B074496RQ5,0,0,0,0,,,0,0,0,0,0,1,0.00 %,,,0.00 %,0,0,0,0,,0,0,,
24-Feb-26,B093P9QGZL,0,0,0,0,,,0,0,0,0,0,1,0.00 %,,,0.00 %,0,0,0,0,,0,0,,
24-Feb-26,B0CNRK82V4,0,0,0,0,,,0,0,0,0,0,2,0.00 %,,,0.00 %,0,0,0,0,,0,0,,
24-Feb-26,B0CNRKL7SX,0,0,0,0,,,0,0,0,0,0,1,0.00 %,,,0.00 %,0,0,0,0,,0,0,,
24-Feb-26,B0DP29LW5K,0,0,0,0,,,0,0,0,0,0,1,0.00 %,,,0.00 %,0,0,0,0,,0,0,,
24-Feb-26,B0F1D3VGX6,0,0,0,0,,,0,0,0,0,0,8,0.00 %,,,0.00 %,0,0,0,0,,0,0,,
24-Feb-26,B0F1D4F97T,0,0,0,0,,,0,0,0,0,0,3,0.00 %,,,0.00 %,0,0,0,0,,0,0,,
24-Feb-26,B0FD3LHYMN,0,0,0,0,,,0,0,0,0,0,2,0.00 %,,,0.00 %,0,0,0,0,,0,0,,
24-Feb-26,Sponsored Brands Product Collection/Brand Video,0,0,0,-71.68,,,0,0,2,2,28.98,,,,,0.00 %,0,0,0,0,,71.68,0,,
23-Feb-26,B01N3OVRWE,2,5,258.00,177.51,,1.67 %,5,0,0,0,0.00,43,4.65 %,51.60,,68.80 %,0,0,35.80,40.37,,4.32,0.00,,
23-Feb-26,B0C3GC6N5W,1,1,52.00,35.74,,1.90 %,1,0,0,0,0.00,13,7.69 %,52.00,,68.73 %,0,0,7.20,8.07,,0.99,0.00,,
23-Feb-26,B0FD3LHYMN,1,1,16.99,9.60,,,1,0,0,0,0,1,100.00 %,16.99,,56.50 %,0,0,2.38,5.01,,0,0.00,,
23-Feb-26,B01KHB8DKA,0,0,0,-1.68,,,0,0,0,0,0.00,17,0.00 %,,,0.00 %,0,0,0,0,,1.68,0,,
23-Feb-26,B01KHB8E4A,0,0,0,-2.63,,,0,0,0,0,0.00,19,0.00 %,,,0.00 %,0,0,0,0,,2.63,0,,
23-Feb-26,B01MFI3MCW,0,0,0,-1.82,,,0,0,0,0,0.00,2,0.00 %,,,0.00 %,0,0,0,0,,1.82,0,,
23-Feb-26,B06XCRF7RF,0,0,0,-3.09,,,0,0,0,0,0.00,8,0.00 %,,,0.00 %,0,0,0,0,,3.09,0,,
23-Feb-26,B06XS3D5RG,0,0,0,-1.13,,,0,0,0,0,0.00,3,0.00 %,,,0.00 %,0,0,0,0,,1.13,0,,
23-Feb-26,B06XS9FDG6,0,0,0,-8.17,15.13 %,,0,0,1,1,54.00,9,0.00 %,,,0.00 %,0,0,0,0,,8.17,0,,
23-Feb-26,B07NZM7X6F,0,0,0,-24.23,,,0,0,0,0,0.00,22,0.00 %,,,0.00 %,0,0,0,0,,24.23,0,,
23-Feb-26,B093P2DLLJ,0,0,0,-3.25,,,0,0,0,0,0.00,12,0.00 %,,,0.00 %,0,0,0,0,,3.25,0,,
23-Feb-26,B0C3GNK3VF,0,0,0,-2.77,,,0,0,0,0,0.00,10,0.00 %,,,0.00 %,0,0,0,0,,2.77,0,,
23-Feb-26,B0CNRJDM2J,0,0,0,-1.31,,,0,0,0,0,0.00,4,0.00 %,,,0.00 %,0,0,0,0,,1.31,0,,
23-Feb-26,B0CNRJXBYP,0,0,0,-6.41,,,0,0,0,0,0.00,10,0.00 %,,,0.00 %,0,0,0,0,,6.41,0,,
23-Feb-26,B0CNRK82V4,0,0,0,-1.23,,,0,0,0,0,0.00,4,0.00 %,,,0.00 %,0,0,0,0,,1.23,0,,
23-Feb-26,B0DP2BK94D,0,0,0,-0.75,,,0,0,0,0,0.00,2,0.00 %,,,0.00 %,0,0,0,0,,0.75,0,,
23-Feb-26,B0F1D3VGX6,0,0,0,-1.93,,,0,0,0,0,0.00,17,0.00 %,,,0.00 %,0,0,0,0,,1.93,0,,
23-Feb-26,B0F1D4F97T,0,0,0,-1.38,,,0,0,0,0,0.00,4,0.00 %,,,0.00 %,0,0,0,0,,1.38,0,,
23-Feb-26,B0FCRLQG4B,0,0,0,-0.33,1.94 %,,0,0,1,1,16.99,12,0.00 %,,,0.00 %,0,0,0,0,,0.33,0,,
23-Feb-26,B01LWX7WBR,0,0,0,0,,,0,0,0,0,0,4,0.00 %,,,0.00 %,0,0,0,0,,0,0,,
23-Feb-26,B093P9QGZL,0,0,0,0,,,0,0,0,0,0,1,0.00 %,,,0.00 %,0,0,0,0,,0,0,,
23-Feb-26,B09T36PXKX,0,0,0,0,,,0,0,0,0,0,10,0.00 %,,,0.00 %,0,0,0,0,,0,0,,
23-Feb-26,B0CNRJK9ZG,0,0,0,0,,,0,0,0,0,0,2,0.00 %,,,0.00 %,0,0,0,0,,0,0,,
23-Feb-26,B0CNRKL7SX,0,0,0,0,,,0,0,0,0,0,8,0.00 %,,,0.00 %,0,0,0,0,,0,0,,
23-Feb-26,B0DP29LW5K,0,0,0,0,,,0,0,0,0,0,1,0.00 %,,,0.00 %,0,0,0,0,,0,0,,
23-Feb-26,B0F1D1CFHP,0,0,0,0,,,0,0,0,0,0,1,0.00 %,,,0.00 %,0,0,0,0,,0,0,,
23-Feb-26,B0F1D2B3FG,0,0,0,0,,,0,0,0,0,0,17,0.00 %,,,0.00 %,0,0,0,0,,0,0,,
23-Feb-26,B0F1D2HHD4,0,0,0,0,,,0,0,0,0,0,1,0.00 %,,,0.00 %,0,0,0,0,,0,0,,
23-Feb-26,B0FCRCZ1HC,0,0,0,0,,,0,0,0,0,0,2,0.00 %,,,0.00 %,0,0,0,0,,0,0,,
23-Feb-26,B0FCRK9JCK,0,0,0,0,,,0,0,0,0,0,2,0.00 %,,,0.00 %,0,0,0,0,,0,0,,
23-Feb-26,B0FCRQRHJ8,0,0,0,0,,,0,0,0,0,0,4,0.00 %,,,0.00 %,0,0,0,0,,0,0,,
23-Feb-26,B0FD3MZ97V,0,0,0,0,,,0,0,0,0,0,2,0.00 %,,,0.00 %,0,0,0,0,,0,0,,
23-Feb-26,B0FD3PSJG3,0,0,0,0,,,0,0,0,0,0,6,0.00 %,,,0.00 %,0,0,0,0,,0,0,,
23-Feb-26,Sponsored Brands Product Collection/Brand Video,0,0,0,-80.99,,,0,0,1,1,84.50,,,,,0.00 %,0,0,0,0,,80.99,0,,
22-Feb-26,B01KHB8E4A,1,1,51.60,34.72,,3.20 %,1,0,0,0,0.00,18,5.56 %,51.60,,67.29 %,0,0,7.16,8.07,,1.65,0.00,,
22-Feb-26,B01N3OVRWE,2,2,103.20,59.08,26.47 %,13.24 %,1,0,1,1,51.60,52,3.85 %,51.60,,57.25 %,0,0,14.32,16.14,,13.66,0.00,,
22-Feb-26,B093P2DLLJ,1,1,50.00,26.15,,17.56 %,1,0,0,0,0.00,18,5.56 %,50.00,,52.30 %,0,0,7.00,8.07,,8.78,0.00,,
22-Feb-26,B0C3GC6N5W,1,1,52.00,33.00,7.17 %,7.17 %,0,0,1,1,52.00,13,7.69 %,52.00,,63.46 %,0,0,7.20,8.07,,3.73,0.00,,
22-Feb-26,B0FCRK9JCK,1,1,11.99,6.31,,,1,0,0,0,0,1,100.00 %,11.99,,52.63 %,0,0,1.68,4.00,,0,0.00,,
22-Feb-26,B0FCRLQG4B,2,3,35.97,18.93,,,3,0,0,0,0,18,11.11 %,11.99,,52.63 %,0,0,5.04,12.00,,0,0.00,,
22-Feb-26,B0FD3LHYMN,3,3,50.97,29.26,,,3,0,0,0,0,4,75.00 %,16.99,,57.41 %,0,0,7.14,14.57,,0,0.00,,
22-Feb-26,B0FD3PSJG3,2,2,33.98,19.20,,,2,0,0,0,0,10,20.00 %,16.99,,56.50 %,0,0,4.76,10.02,,0,0.00,,
22-Feb-26,B01KHB8DKA,0,0,0,-4.15,,,0,0,0,0,0.00,13,0.00 %,,,0.00 %,0,0,0,0,,4.15,0,,
22-Feb-26,B01LWX7WBR,0,0,0,-3.89,,,0,0,0,0,0.00,14,0.00 %,,,0.00 %,0,0,0,0,,3.89,0,,
22-Feb-26,B01MFI3MCW,0,0,0,-0.93,,,0,0,0,0,0.00,2,0.00 %,,,0.00 %,0,0,0,0,,0.93,0,,
22-Feb-26,B06XCRF7RF,0,0,0,-7.12,,,0,0,0,0,0.00,16,0.00 %,,,0.00 %,0,0,0,0,,7.12,0,,
22-Feb-26,B06XS3D5RG,0,0,0,-5.31,,,0,0,0,0,0.00,8,0.00 %,,,0.00 %,0,0,0,0,,5.31,0,,
22-Feb-26,B06XS9FDG6,0,0,0,-11.43,,,0,0,0,0,0.00,18,0.00 %,,,0.00 %,0,0,0,0,,11.43,0,,
22-Feb-26,B07NZM7X6F,0,0,0,-6.78,,,0,0,0,0,0.00,18,0.00 %,,,0.00 %,0,0,0,0,,6.78,0,,
22-Feb-26,B093P9QGZL,0,0,0,-1.05,,,0,0,0,0,0.00,2,0.00 %,,,0.00 %,0,0,0,0,,1.05,0,,
22-Feb-26,B09T36PXKX,0,0,0,-0.43,,,0,0,0,0,0.00,22,0.00 %,,,0.00 %,0,0,0,0,,0.43,0,,
22-Feb-26,B0C3GNK3VF,0,0,0,-7.51,,,0,0,0,0,0.00,17,0.00 %,,,0.00 %,0,0,0,0,,7.51,0,,
22-Feb-26,B0CNRJDM2J,0,0,0,-1.35,,,0,0,0,0,0.00,6,0.00 %,,,0.00 %,0,0,0,0,,1.35,0,,
22-Feb-26,B0CNRJXBYP,0,0,0,-8.09,,,0,0,0,0,0.00,15,0.00 %,,,0.00 %,0,0,0,0,,8.09,0,,
22-Feb-26,B0CNRK82V4,0,0,0,-4.08,,,0,0,0,0,0.00,4,0.00 %,,,0.00 %,0,0,0,0,,4.08,0,,
22-Feb-26,B0DP27SKJN,0,0,0,-0.46,,,0,0,0,0,0.00,1,0.00 %,,,0.00 %,0,0,0,0,,0.46,0,,
22-Feb-26,B0F1D3VGX6,0,0,0,-2.68,,,0,0,0,0,0.00,14,0.00 %,,,0.00 %,0,0,0,0,,2.68,0,,
22-Feb-26,B0FD3MZ97V,0,0,0,-0.54,,,0,0,0,0,0.00,4,0.00 %,,,0.00 %,0,0,0,0,,0.54,0,,
22-Feb-26,B0CNRJK9ZG,0,0,0,0,,,0,0,0,0,0,2,0.00 %,,,0.00 %,0,0,0,0,,0,0,,
22-Feb-26,B0CNRKL7SX,0,0,0,0,,,0,0,0,0,0,5,0.00 %,,,0.00 %,0,0,0,0,,0,0,,
22-Feb-26,B0CNRLQVH7,0,0,0,0,,,0,0,0,0,0,1,0.00 %,,,0.00 %,0,0,0,0,,0,0,,
22-Feb-26,B0F1D2B3FG,0,0,0,0,,,0,0,0,0,0,15,0.00 %,,,0.00 %,0,0,0,0,,0,0,,
22-Feb-26,B0F1D4F97T,0,0,0,0,,,0,0,0,0,0,5,0.00 %,,,0.00 %,0,0,0,0,,0,0,,
22-Feb-26,B0FCRCZ1HC,0,0,0,0,,,0,0,0,0,0,1,0.00 %,,,0.00 %,0,0,0,0,,0,0,,
22-Feb-26,B0FCRQRHJ8,0,0,0,0,,,0,0,0,0,0,5,0.00 %,,,0.00 %,0,0,0,0,,0,0,,
22-Feb-26,Sponsored Brands Product Collection/Brand Video,0,0,0,-91.90,,,0,0,6,7,136.94,,,,,0.00 %,0,0,0,0,,91.90,0,,
21-Feb-26,B01KHB8DKA,1,1,64.50,43.63,6.74 %,6.74 %,0,0,1,1,64.50,11,9.09 %,64.50,,67.64 %,0,0,8.45,8.07,,4.35,0.00,,
21-Feb-26,B07NZM7X6F,1,1,64.50,35.21,,19.80 %,1,0,0,0,0.00,16,6.25 %,64.50,,54.59 %,0,0,8.45,8.07,,12.77,0.00,,
21-Feb-26,B0C3GC6N5W,1,1,64.50,46.60,,2.14 %,1,0,0,0,0.00,4,25.00 %,64.50,,72.25 %,0,0,8.45,8.07,,1.38,0.00,,
21-Feb-26,B0F1D2B3FG,2,2,67.00,42.70,,,2,0,0,0,0,23,8.70 %,33.50,,63.73 %,0,0,9.38,14.92,,0,0.00,,
21-Feb-26,B0FCRQRHJ8,2,2,23.98,12.62,,,2,0,0,0,0,2,100.00 %,11.99,,52.63 %,0,0,3.36,8.00,,0,0.00,,
21-Feb-26,B0FD3MZ97V,1,1,16.99,9.60,,,1,0,0,0,0,3,33.33 %,16.99,,56.50 %,0,0,2.38,5.01,,0,0.00,,
21-Feb-26,B0FD3PMPVC,1,1,16.99,9.60,,,1,0,0,0,0,3,33.33 %,16.99,,56.50 %,0,0,2.38,5.01,,0,0.00,,
21-Feb-26,B0FD3PSJG3,2,2,33.98,18.10,6.47 %,3.24 %,1,0,1,1,16.99,10,20.00 %,16.99,,53.27 %,0,0,4.76,10.02,,1.10,0.00,,
21-Feb-26,B01KHB8E4A,0,0,0,-2.05,,,0,0,0,0,0.00,6,0.00 %,,,0.00 %,0,0,0,0,,2.05,0,,
21-Feb-26,B01LWX7WBR,0,0,0,-5.04,,,0,0,0,0,0.00,10,0.00 %,,,0.00 %,0,0,0,0,,5.04,0,,
21-Feb-26,B01N3OVRWE,0,0,0,-7.82,2.42 %,,0,0,3,6,322.50,28,0.00 %,,,0.00 %,0,0,0,0,,7.82,0,,
21-Feb-26,B06XCRF7RF,0,0,0,-3.15,,,0,0,0,0,0.00,8,0.00 %,,,0.00 %,0,0,0,0,,3.15,0,,
21-Feb-26,B06XS3D5RG,0,0,0,-2.23,,,0,0,0,0,0.00,2,0.00 %,,,0.00 %,0,0,0,0,,2.23,0,,
21-Feb-26,B06XS9FDG6,0,0,0,-6.56,,,0,0,0,0,0.00,11,0.00 %,,,0.00 %,0,0,0,0,,6.56,0,,
21-Feb-26,B093P2DLLJ,0,0,0,-4.41,,,0,0,0,0,0.00,23,0.00 %,,,0.00 %,0,0,0,0,,4.41,0,,
21-Feb-26,B09T36PXKX,0,0,0,-0.72,,,0,0,0,0,0.00,13,0.00 %,,,0.00 %,0,0,0,0,,0.72,0,,
21-Feb-26,B0C3GNK3VF,0,0,0,-0.96,,,0,0,0,0,0.00,3,0.00 %,,,0.00 %,0,0,0,0,,0.96,0,,
21-Feb-26,B0CNRJDM2J,0,0,0,-1.36,,,0,0,0,0,0.00,7,0.00 %,,,0.00 %,0,0,0,0,,1.36,0,,
21-Feb-26,B0CNRJK9ZG,0,0,0,-1.40,,,0,0,0,0,0.00,2,0.00 %,,,0.00 %,0,0,0,0,,1.40,0,,
21-Feb-26,B0CNRJXBYP,0,0,0,-4.12,,,0,0,0,0,0.00,12,0.00 %,,,0.00 %,0,0,0,0,,4.12,0,,
21-Feb-26,B0CNRLQVH7,0,0,0,-1.19,,,0,0,0,0,0.00,2,0.00 %,,,0.00 %,0,0,0,0,,1.19,0,,
21-Feb-26,B0F1D3VGX6,0,0,0,-4.91,7.33 %,,0,0,2,2,67.00,14,0.00 %,,,0.00 %,0,0,0,0,,4.91,0,,
21-Feb-26,B0FCRLQG4B,0,0,0,-0.37,,,0,0,0,0,0.00,11,0.00 %,,,0.00 %,0,0,0,0,,0.37,0,,
21-Feb-26,B01MFI3MCW,0,0,0,0,,,0,0,0,0,0,1,0.00 %,,,0.00 %,0,0,0,0,,0,0,,
21-Feb-26,B093P8LWNV,0,0,0,0,,,0,0,0,0,0,2,0.00 %,,,0.00 %,0,0,0,0,,0,0,,
21-Feb-26,B093P9QGZL,0,0,0,0,,,0,0,0,0,0,3,0.00 %,,,0.00 %,0,0,0,0,,0,0,,
21-Feb-26,B0CNRK82V4,0,0,0,0,,,0,0,0,0,0,2,0.00 %,,,0.00 %,0,0,0,0,,0,0,,
21-Feb-26,B0CNRKL7SX,0,0,0,0,,,0,0,0,0,0,1,0.00 %,,,0.00 %,0,0,0,0,,0,0,,
21-Feb-26,B0DP2BK94D,0,0,0,0,,,0,0,0,0,0,1,0.00 %,,,0.00 %,0,0,0,0,,0,0,,
21-Feb-26,B0F1D2HHD4,0,0,0,0,,,0,0,0,0,0,1,0.00 %,,,0.00 %,0,0,0,0,,0,0,,
21-Feb-26,B0F1D4F97T,0,0,0,0,,,0,0,0,0,0,3,0.00 %,,,0.00 %,0,0,0,0,,0,0,,
21-Feb-26,B0FCRK9JCK,0,0,0,0,,,0,0,0,0,0,3,0.00 %,,,0.00 %,0,0,0,0,,0,0,,
21-Feb-26,Sponsored Brands Product Collection/Brand Video,0,0,0,-79.35,,,0,0,4,4,57.96,,,,,0.00 %,0,0,0,0,,79.35,0,,
20-Feb-26,B0FCRLQG4B,2,3,35.97,18.93,,,3,0,0,0,0,6,33.33 %,11.99,,52.63 %,0,0,5.04,12.00,,0,0.00,,
20-Feb-26,B0FCRQRHJ8,1,1,11.99,6.31,,,1,0,0,0,0,3,33.33 %,11.99,,52.63 %,0,0,1.68,4.00,,0,0.00,,
20-Feb-26,B0FD3PSJG3,1,1,16.99,9.60,,,1,0,0,0,0,6,16.67 %,16.99,,56.50 %,0,0,2.38,5.01,,0,0.00,,
20-Feb-26,B0C3GC6N5W,0,0,0,-58.83,,,0,0,0,0,0.00,3,0.00 %,,,0.00 %,1,57.28,0,0,,1.55,0,,
20-Feb-26,B01KHB8DKA,0,0,0,-4.78,,,0,0,0,0,0.00,6,0.00 %,,,0.00 %,0,0,0,0,,4.78,0,,
20-Feb-26,B01LWX7WBR,0,0,0,-1.80,,,0,0,0,0,0.00,3,0.00 %,,,0.00 %,0,0,0,0,,1.80,0,,
20-Feb-26,B01MFI3MCW,0,0,0,-1.24,,,0,0,0,0,0.00,2,0.00 %,,,0.00 %,0,0,0,0,,1.24,0,,
20-Feb-26,B01N3OVRWE,0,0,0,-6.05,,,0,0,0,0,0.00,26,0.00 %,,,0.00 %,0,0,0,0,,6.05,0,,
20-Feb-26,B06XS3D5RG,0,0,0,-3.04,,,0,0,0,0,0.00,7,0.00 %,,,0.00 %,0,0,0,0,,3.04,0,,
20-Feb-26,B06XS9FDG6,0,0,0,-2.82,,,0,0,0,0,0.00,9,0.00 %,,,0.00 %,0,0,0,0,,2.82,0,,
20-Feb-26,B07NZM7X6F,0,0,0,-2.60,4.03 %,,0,0,1,1,64.50,7,0.00 %,,,0.00 %,0,0,0,0,,2.60,0,,
20-Feb-26,B093P2DLLJ,0,0,0,-2.90,,,0,0,0,0,0.00,18,0.00 %,,,0.00 %,0,0,0,0,,2.90,0,,
20-Feb-26,B0C3GNK3VF,0,0,0,-0.16,,,0,0,0,0,0.00,2,0.00 %,,,0.00 %,0,0,0,0,,0.16,0,,
20-Feb-26,B0CNRJXBYP,0,0,0,-1.09,,,0,0,0,0,0.00,9,0.00 %,,,0.00 %,0,0,0,0,,1.09,0,,
20-Feb-26,B0CNRK82V4,0,0,0,-1.41,,,0,0,0,0,0.00,5,0.00 %,,,0.00 %,0,0,0,0,,1.41,0,,
20-Feb-26,B0CNRLQVH7,0,0,0,-1.20,,,0,0,0,0,0.00,3,0.00 %,,,0.00 %,0,0,0,0,,1.20,0,,
20-Feb-26,B0F1D3VGX6,0,0,0,-1.37,,,0,0,0,0,0.00,8,0.00 %,,,0.00 %,0,0,0,0,,1.37,0,,
20-Feb-26,B0F1D4F97T,0,0,0,-1.49,,,0,0,0,0,0.00,3,0.00 %,,,0.00 %,0,0,0,0,,1.49,0,,
20-Feb-26,B0FCRK9JCK,0,0,0,-0.89,,,0,0,0,0,0.00,3,0.00 %,,,0.00 %,0,0,0,0,,0.89,0,,
20-Feb-26,B01KHB8E4A,0,0,0,0,,,0,0,0,0,0,4,0.00 %,,,0.00 %,0,0,0,0,,0,0,,
20-Feb-26,B06XCRF7RF,0,0,0,0,,,0,0,0,0,0,2,0.00 %,,,0.00 %,0,0,0,0,,0,0,,
20-Feb-26,B093P8LWNV,0,0,0,0,,,0,0,0,0,0,1,0.00 %,,,0.00 %,0,0,0,0,,0,0,,
20-Feb-26,B093P9QGZL,0,0,0,0,,,0,0,0,0,0,2,0.00 %,,,0.00 %,0,0,0,0,,0,0,,
20-Feb-26,B09T36PXKX,0,0,0,0,,,0,0,0,0,0,9,0.00 %,,,0.00 %,0,0,0,0,,0,0,,
20-Feb-26,B0CNRJDM2J,0,0,0,0,,,0,0,0,0,0,9,0.00 %,,,0.00 %,0,0,0,0,,0,0,,
20-Feb-26,B0CNRJK9ZG,0,0,0,0,,,0,0,0,0,0,2,0.00 %,,,0.00 %,0,0,0,0,,0,0,,
20-Feb-26,B0CNRKL7SX,0,0,0,0,,,0,0,0,0,0,3,0.00 %,,,0.00 %,0,0,0,0,,0,0,,
20-Feb-26,B0F1D2B3FG,0,0,0,0,,,0,0,0,0,0,16,0.00 %,,,0.00 %,0,0,0,0,,0,0,,
20-Feb-26,B0FCRCZ1HC,0,0,0,0,,,0,0,0,0,0,2,0.00 %,,,0.00 %,0,0,0,0,,0,0,,
20-Feb-26,B0FD3LHYMN,0,0,0,0,,,0,0,0,0,0,2,0.00 %,,,0.00 %,0,0,0,0,,0,0,,
20-Feb-26,B0FD3PMPVC,0,0,0,0,,,0,0,0,0,0,8,0.00 %,,,0.00 %,0,0,0,0,,0,0,,
20-Feb-26,Sponsored Brands Product Collection/Brand Video,0,0,0,-82.55,,,0,0,3,3,45.97,,,,,0.00 %,0,0,0,0,,82.55,0,,
19-Feb-26,B01N3OVRWE,1,1,64.00,44.53,,4.69 %,1,0,0,0,0.00,17,5.88 %,64.00,,69.58 %,0,0,8.40,8.07,,3.00,0.00,,
19-Feb-26,B06XS9FDG6,1,1,54.00,31.22,,13.54 %,1,0,0,0,0.00,5,20.00 %,54.00,,57.81 %,0,0,7.40,8.07,,7.31,0.00,,
19-Feb-26,B0CNRJXBYP,2,2,169.00,130.64,1.56 %,0.78 %,1,0,1,1,84.50,9,22.22 %,84.50,,77.30 %,0,0,20.90,16.14,,1.32,0.00,,
19-Feb-26,B0FCRLQG4B,2,2,23.98,12.62,,,2,0,0,0,0,8,25.00 %,11.99,,52.63 %,0,0,3.36,8.00,,0,0.00,,
19-Feb-26,B0FD3LHYMN,2,2,33.98,19.20,,,2,0,0,0,0,3,66.67 %,16.99,,56.50 %,0,0,4.76,10.02,,0,0.00,,
19-Feb-26,B0FD3MZ97V,1,1,16.99,9.60,,,1,0,0,0,0,3,33.33 %,16.99,,56.50 %,0,0,2.38,5.01,,0,0.00,,
19-Feb-26,B01KHB8DKA,0,0,0,-1.66,,,0,0,0,0,0.00,6,0.00 %,,,0.00 %,0,0,0,0,,1.66,0,,
19-Feb-26,B01KHB8E4A,0,0,0,-1.44,,,0,0,0,0,0.00,4,0.00 %,,,0.00 %,0,0,0,0,,1.44,0,,
19-Feb-26,B01LWX7WBR,0,0,0,-4.57,,,0,0,0,0,0.00,8,0.00 %,,,0.00 %,0,0,0,0,,4.57,0,,
19-Feb-26,B01MFI3MCW,0,0,0,-0.94,,,0,0,0,0,0.00,1,0.00 %,,,0.00 %,0,0,0,0,,0.94,0,,
19-Feb-26,B06XS3D5RG,0,0,0,-1.46,,,0,0,0,0,0.00,2,0.00 %,,,0.00 %,0,0,0,0,,1.46,0,,
19-Feb-26,B07NZM7X6F,0,0,0,-1.57,,,0,0,0,0,0.00,4,0.00 %,,,0.00 %,0,0,0,0,,1.57,0,,
19-Feb-26,B093P2DLLJ,0,0,0,-0.86,,,0,0,0,0,0.00,14,0.00 %,,,0.00 %,0,0,0,0,,0.86,0,,
19-Feb-26,B0C3GC6N5W,0,0,0,-1.18,,,0,0,0,0,0.00,3,0.00 %,,,0.00 %,0,0,0,0,,1.18,0,,
19-Feb-26,B0C3GNK3VF,0,0,0,-3.43,,,0,0,0,0,0.00,4,0.00 %,,,0.00 %,0,0,0,0,,3.43,0,,
19-Feb-26,B0CNRJDM2J,0,0,0,-1.40,,,0,0,0,0,0.00,5,0.00 %,,,0.00 %,0,0,0,0,,1.40,0,,
19-Feb-26,B0CNRLQVH7,0,0,0,-2.61,,,0,0,0,0,0.00,3,0.00 %,,,0.00 %,0,0,0,0,,2.61,0,,
19-Feb-26,B0F1D3VGX6,0,0,0,-3.86,,,0,0,0,0,0.00,11,0.00 %,,,0.00 %,0,0,0,0,,3.86,0,,
19-Feb-26,B0FCRCZ1HC,0,0,0,-0.58,,,0,0,0,0,0.00,3,0.00 %,,,0.00 %,0,0,0,0,,0.58,0,,
19-Feb-26,B06XCRF7RF,0,0,0,0,,,0,0,0,0,0,2,0.00 %,,,0.00 %,0,0,0,0,,0,0,,
19-Feb-26,B093P9QGZL,0,0,0,0,,,0,0,0,0,0,2,0.00 %,,,0.00 %,0,0,0,0,,0,0,,
19-Feb-26,B09T36PXKX,0,0,0,0,,,0,0,0,0,0,10,0.00 %,,,0.00 %,0,0,0,0,,0,0,,
19-Feb-26,B0CNRJK9ZG,0,0,0,0,,,0,0,0,0,0,1,0.00 %,,,0.00 %,0,0,0,0,,0,0,,
19-Feb-26,B0CNRK82V4,0,0,0,0,,,0,0,0,0,0,1,0.00 %,,,0.00 %,0,0,0,0,,0,0,,
19-Feb-26,B0CNRKL7SX,0,0,0,0,,,0,0,0,0,0,7,0.00 %,,,0.00 %,0,0,0,0,,0,0,,
19-Feb-26,B0F1D2B3FG,0,0,0,0,,,0,0,0,0,0,10,0.00 %,,,0.00 %,0,0,0,0,,0,0,,
19-Feb-26,B0F1D2HHD4,0,0,0,0,,,0,0,0,0,0,1,0.00 %,,,0.00 %,0,0,0,0,,0,0,,
19-Feb-26,B0F1D4F97T,0,0,0,0,,,0,0,0,0,0,3,0.00 %,,,0.00 %,0,0,0,0,,0,0,,
19-Feb-26,B0FCRK9JCK,0,0,0,0,,,0,0,0,0,0,4,0.00 %,,,0.00 %,0,0,0,0,,0,0,,
19-Feb-26,B0FCRQRHJ8,0,0,0,0,,,0,0,0,0,0,6,0.00 %,,,0.00 %,0,0,0,0,,0,0,,
19-Feb-26,B0FD3PMPVC,0,0,0,0,,,0,0,0,0,0,7,0.00 %,,,0.00 %,0,0,0,0,,0,0,,
19-Feb-26,B0FD3PSJG3,0,0,0,0,,,0,0,0,0,0,4,0.00 %,,,0.00 %,0,0,0,0,,0,0,,
19-Feb-26,Sponsored Brands Product Collection/Brand Video,0,0,0,-60.81,,,0,0,2,2,33.98,,,,,0.00 %,0,0,0,0,,60.81,0,,
18-Feb-26,B01N3OVRWE,1,1,64.00,44.23,,5.16 %,1,0,0,0,0.00,20,5.00 %,64.00,,69.11 %,0,0,8.40,8.07,,3.30,0.00,,
18-Feb-26,B093P2DLLJ,1,1,50.00,33.11,,3.64 %,1,0,0,0,0.00,13,7.69 %,50.00,,66.22 %,0,0,7.00,8.07,,1.82,0.00,,
18-Feb-26,B0FCRLQG4B,2,2,23.98,11.44,,4.92 %,2,0,0,0,0.00,10,20.00 %,11.99,,47.71 %,0,0,3.36,8.00,,1.18,0.00,,
18-Feb-26,B01KHB8DKA,0,0,0,-5.02,,,0,0,0,0,0.00,6,0.00 %,,,0.00 %,0,0,0,0,,5.02,0,,
18-Feb-26,B01KHB8E4A,0,0,0,-4.29,,,0,0,0,0,0.00,6,0.00 %,,,0.00 %,0,0,0,0,,4.29,0,,
18-Feb-26,B01LWX7WBR,0,0,0,-1.56,,,0,0,0,0,0.00,7,0.00 %,,,0.00 %,0,0,0,0,,1.56,0,,
18-Feb-26,B06XCRF7RF,0,0,0,-2.36,,,0,0,0,0,0.00,5,0.00 %,,,0.00 %,0,0,0,0,,2.36,0,,
18-Feb-26,B06XS3D5RG,0,0,0,-5.03,,,0,0,0,0,0.00,7,0.00 %,,,0.00 %,0,0,0,0,,5.03,0,,
18-Feb-26,B06XS9FDG6,0,0,0,-7.43,,,0,0,0,0,0.00,18,0.00 %,,,0.00 %,0,0,0,0,,7.43,0,,
18-Feb-26,B07NZM7X6F,0,0,0,-3.87,,,0,0,0,0,0.00,7,0.00 %,,,0.00 %,0,0,0,0,,3.87,0,,
18-Feb-26,B093P9QGZL,0,0,0,-0.02,,,0,0,0,0,0.00,3,0.00 %,,,0.00 %,0,0,0,0,,0.02,0,,
18-Feb-26,B0C3GC6N5W,0,0,0,-1.05,,,0,0,0,0,0.00,6,0.00 %,,,0.00 %,0,0,0,0,,1.05,0,,
18-Feb-26,B0C3GNK3VF,0,0,0,-0.93,,,0,0,0,0,0.00,3,0.00 %,,,0.00 %,0,0,0,0,,0.93,0,,
18-Feb-26,B0CNRJDM2J,0,0,0,-2.19,,,0,0,0,0,0.00,4,0.00 %,,,0.00 %,0,0,0,0,,2.19,0,,
18-Feb-26,B0CNRJXBYP,0,0,0,-5.86,,,0,0,0,0,0.00,7,0.00 %,,,0.00 %,0,0,0,0,,5.86,0,,
18-Feb-26,B0CNRLQVH7,0,0,0,-1.30,,,0,0,0,0,0.00,2,0.00 %,,,0.00 %,0,0,0,0,,1.30,0,,
18-Feb-26,B0F1D3VGX6,0,0,0,-1.93,,,0,0,0,0,0.00,6,0.00 %,,,0.00 %,0,0,0,0,,1.93,0,,
18-Feb-26,B0FD3LHYMN,0,0,0,-0.57,2.38 %,,0,0,2,2,23.98,5,0.00 %,,,0.00 %,0,0,0,0,,0.57,0,,
18-Feb-26,B093P8LWNV,0,0,0,0,,,0,0,0,0,0,1,0.00 %,,,0.00 %,0,0,0,0,,0,0,,
18-Feb-26,B09T36PXKX,0,0,0,0,,,0,0,0,0,0,5,0.00 %,,,0.00 %,0,0,0,0,,0,0,,
18-Feb-26,B0CNRK82V4,0,0,0,0,,,0,0,0,0,0,1,0.00 %,,,0.00 %,0,0,0,0,,0,0,,
18-Feb-26,B0CNRKL7SX,0,0,0,0,,,0,0,0,0,0,2,0.00 %,,,0.00 %,0,0,0,0,,0,0,,
18-Feb-26,B0DP27SKJN,0,0,0,0,,,0,0,0,0,0,1,0.00 %,,,0.00 %,0,0,0,0,,0,0,,
18-Feb-26,B0F1D1CFHP,0,0,0,0,,,0,0,0,0,0,1,0.00 %,,,0.00 %,0,0,0,0,,0,0,,
18-Feb-26,B0F1D2B3FG,0,0,0,0,,,0,0,0,0,0,10,0.00 %,,,0.00 %,0,0,0,0,,0,0,,
18-Feb-26,B0F1D2HHD4,0,0,0,0,,,0,0,0,0,0,2,0.00 %,,,0.00 %,0,0,0,0,,0,0,,
18-Feb-26,B0F1D4F97T,0,0,0,0,,,0,0,0,0,0,3,0.00 %,,,0.00 %,0,0,0,0,,0,0,,
18-Feb-26,B0FCRCZ1HC,0,0,0,0,,,0,0,0,0,0,1,0.00 %,,,0.00 %,0,0,0,0,,0,0,,
18-Feb-26,B0FCRQRHJ8,0,0,0,0,,,0,0,0,0,0,3,0.00 %,,,0.00 %,0,0,0,0,,0,0,,
18-Feb-26,B0FD3MZ97V,0,0,0,0,,,0,0,0,0,0,1,0.00 %,,,0.00 %,0,0,0,0,,0,0,,
18-Feb-26,B0FD3PSJG3,0,0,0,0,,,0,0,0,0,0,7,0.00 %,,,0.00 %,0,0,0,0,,0,0,,
18-Feb-26,Sponsored Brands Product Collection/Brand Video,0,0,0,-40.40,,,0,0,0,0,0.00,,,,,0.00 %,0,0,0,0,,40.40,0,,
17-Feb-26,B0CNRJXBYP,1,1,84.50,59.77,7.35 %,7.35 %,0,0,1,1,84.50,16,6.25 %,84.50,,70.73 %,0,0,10.45,8.07,,6.21,0.00,,
17-Feb-26,B0CNRKL7SX,1,1,84.50,64.56,,1.68 %,1,0,0,0,0.00,8,12.50 %,84.50,,76.40 %,0,0,10.45,8.07,,1.42,0.00,,
17-Feb-26,B0FCRLQG4B,2,2,23.98,12.29,,1.38 %,2,0,0,0,0.00,7,28.57 %,11.99,,51.25 %,0,0,3.36,8.00,,0.33,0.00,,
17-Feb-26,B01KHB8DKA,0,0,0,-4.31,,,0,0,0,0,0.00,9,0.00 %,,,0.00 %,0,0,0,0,,4.31,0,,
17-Feb-26,B01KHB8E4A,0,0,0,-6.69,,,0,0,0,0,0.00,11,0.00 %,,,0.00 %,0,0,0,0,,6.69,0,,
17-Feb-26,B01LWX7WBR,0,0,0,-6.71,,,0,0,0,0,0.00,12,0.00 %,,,0.00 %,0,0,0,0,,6.71,0,,
17-Feb-26,B01MFI3MCW,0,0,0,-2.22,,,0,0,0,0,0.00,2,0.00 %,,,0.00 %,0,0,0,0,,2.22,0,,
17-Feb-26,B01N3OVRWE,0,0,0,-11.08,,,0,0,0,0,0.00,28,0.00 %,,,0.00 %,0,0,0,0,,11.08,0,,
17-Feb-26,B06XCRF7RF,0,0,0,-2.58,,,0,0,0,0,0.00,4,0.00 %,,,0.00 %,0,0,0,0,,2.58,0,,
17-Feb-26,B06XS3D5RG,0,0,0,-3.58,,,0,0,0,0,0.00,6,0.00 %,,,0.00 %,0,0,0,0,,3.58,0,,
17-Feb-26,B06XS9FDG6,0,0,0,-5.71,,,0,0,0,0,0.00,7,0.00 %,,,0.00 %,0,0,0,0,,5.71,0,,
17-Feb-26,B07NZM7X6F,0,0,0,-4.07,,,0,0,0,0,0.00,9,0.00 %,,,0.00 %,0,0,0,0,,4.07,0,,
17-Feb-26,B093P2DLLJ,0,0,0,-2.13,,,0,0,0,0,0.00,20,0.00 %,,,0.00 %,0,0,0,0,,2.13,0,,
17-Feb-26,B093P8LWNV,0,0,0,-1.05,,,0,0,0,0,0.00,5,0.00 %,,,0.00 %,0,0,0,0,,1.05,0,,
17-Feb-26,B093P9QGZL,0,0,0,-1.37,,,0,0,0,0,0.00,6,0.00 %,,,0.00 %,0,0,0,0,,1.37,0,,
17-Feb-26,B0C3GC6N5W,0,0,0,-3.47,,,0,0,0,0,0.00,5,0.00 %,,,0.00 %,0,0,0,0,,3.47,0,,
17-Feb-26,B0C3GNK3VF,0,0,0,-4.41,,,0,0,0,0,0.00,6,0.00 %,,,0.00 %,0,0,0,0,,4.41,0,,
17-Feb-26,B0CNRJDM2J,0,0,0,-4.16,4.92 %,,0,0,1,1,84.50,8,0.00 %,,,0.00 %,0,0,0,0,,4.16,0,,
17-Feb-26,B0CNRLQVH7,0,0,0,-1.42,,,0,0,0,0,0.00,1,0.00 %,,,0.00 %,0,0,0,0,,1.42,0,,
17-Feb-26,B0F1D3VGX6,0,0,0,-5.71,,,0,0,0,0,0.00,15,0.00 %,,,0.00 %,0,0,0,0,,5.71,0,,
17-Feb-26,B09T36PXKX,0,0,0,0,,,0,0,0,0,0,11,0.00 %,,,0.00 %,0,0,0,0,,0,0,,
17-Feb-26,B0CNRJK9ZG,0,0,0,0,,,0,0,0,0,0,2,0.00 %,,,0.00 %,0,0,0,0,,0,0,,
17-Feb-26,B0CNRK82V4,0,0,0,0,,,0,0,0,0,0,1,0.00 %,,,0.00 %,0,0,0,0,,0,0,,
17-Feb-26,B0F1D2B3FG,0,0,0,0,,,0,0,0,0,0,14,0.00 %,,,0.00 %,0,0,0,0,,0,0,,
17-Feb-26,B0F1D4F97T,0,0,0,0,,,0,0,0,0,0,3,0.00 %,,,0.00 %,0,0,0,0,,0,0,,
17-Feb-26,B0FCRCZ1HC,0,0,0,0,,,0,0,0,0,0,1,0.00 %,,,0.00 %,0,0,0,0,,0,0,,
17-Feb-26,B0FCRQRHJ8,0,0,0,0,,,0,0,0,0,0,4,0.00 %,,,0.00 %,0,0,0,0,,0,0,,
17-Feb-26,B0FD3MZ97V,0,0,0,0,,,0,0,0,0,0,1,0.00 %,,,0.00 %,0,0,0,0,,0,0,,
17-Feb-26,B0FD3PSJG3,0,0,0,0,,,0,0,0,0,0,2,0.00 %,,,0.00 %,0,0,0,0,,0,0,,
17-Feb-26,Sponsored Brands Product Collection/Brand Video,0,0,0,-65.54,,,0,0,2,2,65.99,,,,,0.00 %,0,0,0,0,,65.54,0,,
16-Feb-26,B06XCRF7RF,1,1,49.49,31.57,,5.90 %,1,0,0,0,0.00,7,14.29 %,49.49,,63.79 %,0,0,6.93,8.07,,2.92,0.00,,
16-Feb-26,B06XS9FDG6,2,2,108.00,62.84,10.27 %,13.17 %,0,0,2,2,138.50,14,14.29 %,54.00,,58.19 %,0,0,14.80,16.14,,14.22,0.00,,
16-Feb-26,B093P2DLLJ,1,1,50.00,30.93,8.00 %,8.00 %,0,0,1,1,50.00,14,7.14 %,50.00,,61.86 %,0,0,7.00,8.07,,4.00,0.00,,
16-Feb-26,B093P8LWNV,2,2,100.00,69.86,,,2,0,0,0,0,3,66.67 %,50.00,,69.86 %,0,0,14.00,16.14,,0,0.00,,
16-Feb-26,B093P9QGZL,1,1,50.00,34.49,,0.88 %,1,0,0,0,0.00,6,16.67 %,50.00,,68.98 %,0,0,7.00,8.07,,0.44,0.00,,
16-Feb-26,B09T36PXKX,1,1,49.49,33.75,,1.50 %,1,0,0,0,0.00,16,6.25 %,49.49,,68.20 %,0,0,6.93,8.07,,0.74,0.00,,
16-Feb-26,B0CNRJXBYP,1,1,84.50,60.12,,6.93 %,1,0,0,0,0.00,11,9.09 %,84.50,,71.15 %,0,0,10.45,8.07,,5.86,0.00,,
16-Feb-26,B0F1D3VGX6,2,3,112.50,72.33,,1.81 %,3,0,0,0,0.00,13,15.38 %,37.50,,64.29 %,0,0,15.75,22.38,,2.04,0.00,,
16-Feb-26,B01KHB8DKA,0,0,0,-4.20,,,0,0,0,0,0.00,9,0.00 %,,,0.00 %,0,0,0,0,,4.20,0,,
16-Feb-26,B01KHB8E4A,0,0,0,-2.46,,,0,0,0,0,0.00,6,0.00 %,,,0.00 %,0,0,0,0,,2.46,0,,
16-Feb-26,B01LWX7WBR,0,0,0,-3.32,,,0,0,0,0,0.00,8,0.00 %,,,0.00 %,0,0,0,0,,3.32,0,,
16-Feb-26,B01N3OVRWE,0,0,0,-10.77,,,0,0,0,0,0.00,22,0.00 %,,,0.00 %,0,0,0,0,,10.77,0,,
16-Feb-26,B06XS3D5RG,0,0,0,-2.12,,,0,0,0,0,0.00,5,0.00 %,,,0.00 %,0,0,0,0,,2.12,0,,
16-Feb-26,B07NZM7X6F,0,0,0,-5.08,,,0,0,0,0,0.00,14,0.00 %,,,0.00 %,0,0,0,0,,5.08,0,,
16-Feb-26,B0C3GC6N5W,0,0,0,-2.02,,,0,0,0,0,0.00,3,0.00 %,,,0.00 %,0,0,0,0,,2.02,0,,
16-Feb-26,B0C3GNK3VF,0,0,0,-1.51,,,0,0,0,0,0.00,6,0.00 %,,,0.00 %,0,0,0,0,,1.51,0,,
16-Feb-26,B0CNRJDM2J,0,0,0,-1.32,,,0,0,0,0,0.00,11,0.00 %,,,0.00 %,0,0,0,0,,1.32,0,,
16-Feb-26,B0CNRJK9ZG,0,0,0,-0.80,,,0,0,0,0,0.00,3,0.00 %,,,0.00 %,0,0,0,0,,0.80,0,,
16-Feb-26,B0CNRK82V4,0,0,0,-1.07,,,0,0,0,0,0.00,3,0.00 %,,,0.00 %,0,0,0,0,,1.07,0,,
16-Feb-26,B0FCRK9JCK,0,0,0,-0.37,,,0,0,0,0,0.00,2,0.00 %,,,0.00 %,0,0,0,0,,0.37,0,,
16-Feb-26,B0CNRKL7SX,0,0,0,0,,,0,0,0,0,0,5,0.00 %,,,0.00 %,0,0,0,0,,0,0,,
16-Feb-26,B0CNRLQVH7,0,0,0,0,,,0,0,0,0,0,1,0.00 %,,,0.00 %,0,0,0,0,,0,0,,
16-Feb-26,B0F1D1CFHP,0,0,0,0,,,0,0,0,0,0,2,0.00 %,,,0.00 %,0,0,0,0,,0,0,,
16-Feb-26,B0F1D2B3FG,0,0,0,0,,,0,0,0,0,0,11,0.00 %,,,0.00 %,0,0,0,0,,0,0,,
16-Feb-26,B0F1D2HHD4,0,0,0,0,,,0,0,0,0,0,2,0.00 %,,,0.00 %,0,0,0,0,,0,0,,
16-Feb-26,B0F1D4F97T,0,0,0,0,,,0,0,0,0,0,4,0.00 %,,,0.00 %,0,0,0,0,,0,0,,
16-Feb-26,B0FCRCZ1HC,0,0,0,0,,,0,0,0,0,0,3,0.00 %,,,0.00 %,0,0,0,0,,0,0,,
16-Feb-26,B0FCRLQG4B,0,0,0,0,,,0,0,0,0,0,7,0.00 %,,,0.00 %,0,0,0,0,,0,0,,
16-Feb-26,B0FCRQRHJ8,0,0,0,0,,,0,0,0,0,0,4,0.00 %,,,0.00 %,0,0,0,0,,0,0,,
16-Feb-26,B0FD3PSJG3,0,0,0,0,,,0,0,0,0,0,4,0.00 %,,,0.00 %,0,0,0,0,,0,0,,
16-Feb-26,Sponsored Brands Product Collection/Brand Video,0,0,0,-53.33,,,0,0,3,3,95.49,,,,,0.00 %,0,0,0,0,,53.33,0,,
15-Feb-26,B01N3OVRWE,2,2,128.00,86.68,,6.55 %,2,0,0,0,0.00,27,7.41 %,64.00,,67.72 %,0,0,16.80,16.14,,8.38,0.00,,
15-Feb-26,B093P9QGZL,1,1,50.00,34.93,,,1,0,0,0,0,6,16.67 %,50.00,,69.86 %,0,0,7.00,8.07,,0,0.00,,
15-Feb-26,B0CNRJXBYP,1,1,71.82,44.62,,13.85 %,1,0,0,0,0.00,15,6.67 %,71.82,,62.13 %,0,0,9.18,8.07,,9.95,0.00,,
15-Feb-26,B0FCRCZ1HC,1,1,11.99,6.31,,,1,0,0,0,0,4,25.00 %,11.99,,52.63 %,0,0,1.68,4.00,,0,0.00,,
15-Feb-26,B0FCRK9JCK,2,2,23.98,12.62,,,2,0,0,0,0,2,100.00 %,11.99,,52.63 %,0,0,3.36,8.00,,0,0.00,,
15-Feb-26,B0FCRLQG4B,4,4,47.96,24.91,,0.69 %,4,0,0,0,0.00,15,26.67 %,11.99,,51.94 %,0,0,6.72,16.00,,0.33,0.00,,
15-Feb-26,B0FCRQRHJ8,1,1,11.99,6.31,,,1,0,0,0,0,7,14.29 %,11.99,,52.63 %,0,0,1.68,4.00,,0,0.00,,
15-Feb-26,B01KHB8DKA,0,0,0,-0.81,,,0,0,0,0,0.00,4,0.00 %,,,0.00 %,0,0,0,0,,0.81,0,,
15-Feb-26,B01KHB8E4A,0,0,0,-1.13,,,0,0,0,0,0.00,5,0.00 %,,,0.00 %,0,0,0,0,,1.13,0,,
15-Feb-26,B01LWX7WBR,0,0,0,-1.30,,,0,0,0,0,0.00,7,0.00 %,,,0.00 %,0,0,0,0,,1.30,0,,
15-Feb-26,B06XCRF7RF,0,0,0,-2.44,,,0,0,0,0,0.00,3,0.00 %,,,0.00 %,0,0,0,0,,2.44,0,,
15-Feb-26,B06XS9FDG6,0,0,0,-13.74,,,0,0,0,0,0.00,23,0.00 %,,,0.00 %,0,0,0,0,,13.74,0,,
15-Feb-26,B07NZM7X6F,0,0,0,-6.96,,,0,0,0,0,0.00,10,0.00 %,,,0.00 %,0,0,0,0,,6.96,0,,
15-Feb-26,B093P2DLLJ,0,0,0,-0.74,,,0,0,0,0,0.00,21,0.00 %,,,0.00 %,0,0,0,0,,0.74,0,,
15-Feb-26,B0C3GC6N5W,0,0,0,-0.77,,,0,0,0,0,0.00,1,0.00 %,,,0.00 %,0,0,0,0,,0.77,0,,
15-Feb-26,B0C3GNK3VF,0,0,0,-0.82,,,0,0,0,0,0.00,3,0.00 %,,,0.00 %,0,0,0,0,,0.82,0,,
15-Feb-26,B0CNRJDM2J,0,0,0,-1.29,,,0,0,0,0,0.00,7,0.00 %,,,0.00 %,0,0,0,0,,1.29,0,,
15-Feb-26,B0CNRLQVH7,0,0,0,-0.85,,,0,0,0,0,0.00,2,0.00 %,,,0.00 %,0,0,0,0,,0.85,0,,
15-Feb-26,B0F1D3VGX6,0,0,0,-4.01,,,0,0,0,0,0.00,10,0.00 %,,,0.00 %,0,0,0,0,,4.01,0,,
15-Feb-26,B01MFI3MCW,0,0,0,0,,,0,0,0,0,0,2,0.00 %,,,0.00 %,0,0,0,0,,0,0,,
15-Feb-26,B06XS3D5RG,0,0,0,0,,,0,0,0,0,0,1,0.00 %,,,0.00 %,0,0,0,0,,0,0,,
15-Feb-26,B093P8LWNV,0,0,0,0,,,0,0,0,0,0,2,0.00 %,,,0.00 %,0,0,0,0,,0,0,,
15-Feb-26,B09T36PXKX,0,0,0,0,,,0,0,0,0,0,8,0.00 %,,,0.00 %,0,0,0,0,,0,0,,
15-Feb-26,B0CNRJK9ZG,0,0,0,0,,,0,0,0,0,0,3,0.00 %,,,0.00 %,0,0,0,0,,0,0,,
15-Feb-26,B0CNRK82V4,0,0,0,0,,,0,0,0,0,0,1,0.00 %,,,0.00 %,0,0,0,0,,0,0,,
15-Feb-26,B0CNRKL7SX,0,0,0,0,,,0,0,0,0,0,4,0.00 %,,,0.00 %,0,0,0,0,,0,0,,
15-Feb-26,B0F1D1CFHP,0,0,0,0,,,0,0,0,0,0,1,0.00 %,,,0.00 %,0,0,0,0,,0,0,,
15-Feb-26,B0F1D2B3FG,0,0,0,0,,,0,0,0,0,0,11,0.00 %,,,0.00 %,0,0,0,0,,0,0,,
15-Feb-26,B0F1D2HHD4,0,0,0,0,,,0,0,0,0,0,1,0.00 %,,,0.00 %,0,0,0,0,,0,0,,
15-Feb-26,B0F1D4F97T,0,0,0,0,,,0,0,0,0,0,5,0.00 %,,,0.00 %,0,0,0,0,,0,0,,
15-Feb-26,B0FD3LHYMN,0,0,0,0,,,0,0,0,0,0,2,0.00 %,,,0.00 %,0,0,0,0,,0,0,,
15-Feb-26,B0FD3MZ97V,0,0,0,0,,,0,0,0,0,0,1,0.00 %,,,0.00 %,0,0,0,0,,0,0,,
15-Feb-26,B0FD3PSJG3,0,0,0,0,,,0,0,0,0,0,7,0.00 %,,,0.00 %,0,0,0,0,,0,0,,
15-Feb-26,Sponsored Brands Product Collection/Brand Video,0,0,0,-77.84,,,0,0,6,6,221.28,,,,,0.00 %,0,0,0,0,,77.84,0,,
14-Feb-26,B09T36PXKX,1,1,49.49,34.49,,,1,0,0,0,0,6,16.67 %,49.49,,69.69 %,0,0,6.93,8.07,,0,0.00,,
14-Feb-26,B0F1D2B3FG,1,1,33.50,21.35,,,1,0,0,0,0,17,5.88 %,33.50,,63.73 %,0,0,4.69,7.46,,0,0.00,,
14-Feb-26,B0F1D3VGX6,1,1,33.50,19.09,,6.75 %,1,0,0,0,0.00,16,6.25 %,33.50,,56.99 %,0,0,4.69,7.46,,2.26,0.00,,
14-Feb-26,B0FCRCZ1HC,1,1,11.99,5.82,,4.09 %,1,0,0,0,0.00,5,20.00 %,11.99,,48.54 %,0,0,1.68,4.00,,0.49,0.00,,
14-Feb-26,B0FCRK9JCK,1,1,11.99,6.31,,,1,0,0,0,0,2,50.00 %,11.99,,52.63 %,0,0,1.68,4.00,,0,0.00,,
14-Feb-26,B0FCRQRHJ8,1,1,11.99,5.46,,7.09 %,1,0,0,0,0.00,5,20.00 %,11.99,,45.54 %,0,0,1.68,4.00,,0.85,0.00,,
14-Feb-26,B0FD3PSJG3,1,1,16.99,9.60,,,1,0,0,0,0,5,20.00 %,16.99,,56.50 %,0,0,2.38,5.01,,0,0.00,,
14-Feb-26,B01KHB8DKA,0,0,0,-7.70,,,0,0,0,0,0.00,8,0.00 %,,,0.00 %,0,0,0,0,,7.70,0,,
14-Feb-26,B01LWX7WBR,0,0,0,-4.58,,,0,0,0,0,0.00,9,0.00 %,,,0.00 %,0,0,0,0,,4.58,0,,
14-Feb-26,B01MFI3MCW,0,0,0,-0.93,,,0,0,0,0,0.00,1,0.00 %,,,0.00 %,0,0,0,0,,0.93,0,,
14-Feb-26,B01N3OVRWE,0,0,0,-3.52,,,0,0,0,0,0.00,19,0.00 %,,,0.00 %,0,0,0,0,,3.52,0,,
14-Feb-26,B06XS3D5RG,0,0,0,-3.80,,,0,0,0,0,0.00,7,0.00 %,,,0.00 %,0,0,0,0,,3.80,0,,
14-Feb-26,B06XS9FDG6,0,0,0,-11.03,,,0,0,0,0,0.00,15,0.00 %,,,0.00 %,0,0,0,0,,11.03,0,,
14-Feb-26,B07NZM7X6F,0,0,0,-6.23,,,0,0,0,0,0.00,8,0.00 %,,,0.00 %,0,0,0,0,,6.23,0,,
14-Feb-26,B093P2DLLJ,0,0,0,-2.41,,,0,0,0,0,0.00,18,0.00 %,,,0.00 %,0,0,0,0,,2.41,0,,
14-Feb-26,B093P8LWNV,0,0,0,-0.74,,,0,0,0,0,0.00,3,0.00 %,,,0.00 %,0,0,0,0,,0.74,0,,
14-Feb-26,B0C3GC6N5W,0,0,0,-1.36,,,0,0,0,0,0.00,2,0.00 %,,,0.00 %,0,0,0,0,,1.36,0,,
14-Feb-26,B0C3GNK3VF,0,0,0,-1.13,,,0,0,0,0,0.00,3,0.00 %,,,0.00 %,0,0,0,0,,1.13,0,,
14-Feb-26,B0CNRJDM2J,0,0,0,-1.92,,,0,0,0,0,0.00,8,0.00 %,,,0.00 %,0,0,0,0,,1.92,0,,
14-Feb-26,B0CNRJXBYP,0,0,0,-1.49,,,0,0,0,0,0.00,9,0.00 %,,,0.00 %,0,0,0,0,,1.49,0,,
14-Feb-26,B0CNRLQVH7,0,0,0,-1.36,,,0,0,0,0,0.00,5,0.00 %,,,0.00 %,0,0,0,0,,1.36,0,,
14-Feb-26,B01KHB8E4A,0,0,0,0,,,0,0,0,0,0,1,0.00 %,,,0.00 %,0,0,0,0,,0,0,,
14-Feb-26,B093P9QGZL,0,0,0,0,,,0,0,0,0,0,2,0.00 %,,,0.00 %,0,0,0,0,,0,0,,
14-Feb-26,B0CNRJK9ZG,0,0,0,0,,,0,0,0,0,0,3,0.00 %,,,0.00 %,0,0,0,0,,0,0,,
14-Feb-26,B0CNRK82V4,0,0,0,0,,,0,0,0,0,0,2,0.00 %,,,0.00 %,0,0,0,0,,0,0,,
14-Feb-26,B0CNRKL7SX,0,0,0,0,,,0,0,0,0,0,3,0.00 %,,,0.00 %,0,0,0,0,,0,0,,
14-Feb-26,B0F1D1CFHP,0,0,0,0,,,0,0,0,0,0,1,0.00 %,,,0.00 %,0,0,0,0,,0,0,,
14-Feb-26,B0F1D4F97T,0,0,0,0,,,0,0,0,0,0,6,0.00 %,,,0.00 %,0,0,0,0,,0,0,,
14-Feb-26,B0FCRLQG4B,0,0,0,0,,,0,0,0,0,0,6,0.00 %,,,0.00 %,0,0,0,0,,0,0,,
14-Feb-26,B0FD3LHYMN,0,0,0,0,,,0,0,0,0,0,2,0.00 %,,,0.00 %,0,0,0,0,,0,0,,
14-Feb-26,B0FD3MZ97V,0,0,0,0,,,0,0,0,0,0,1,0.00 %,,,0.00 %,0,0,0,0,,0,0,,
14-Feb-26,Sponsored Brands Product Collection/Brand Video,0,0,0,-58.33,,,0,0,3,3,83.99,,,,,0.00 %,0,0,0,0,,58.33,0,,
13-Feb-26,B07NZM7X6F,1,1,64.00,44.53,,4.69 %,1,0,0,0,0.00,9,11.11 %,64.00,,69.58 %,0,0,8.40,8.07,,3.00,0.00,,
13-Feb-26,B093P2DLLJ,2,2,100.00,66.08,,3.78 %,2,0,0,0,0.00,13,15.38 %,50.00,,66.08 %,0,0,14.00,16.14,,3.78,0.00,,
13-Feb-26,B0C3GNK3VF,1,1,64.00,43.76,,5.89 %,1,0,0,0,0.00,6,16.67 %,64.00,,68.38 %,0,0,8.40,8.07,,3.77,0.00,,
13-Feb-26,B0F1D4F97T,1,1,33.00,20.27,,1.97 %,1,0,0,0,0.00,5,20.00 %,33.00,,61.42 %,0,0,4.62,7.46,,0.65,0.00,,
13-Feb-26,B0FCRCZ1HC,1,1,11.99,6.31,,,1,0,0,0,0,1,100.00 %,11.99,,52.63 %,0,0,1.68,4.00,,0,0.00,,
13-Feb-26,B01KHB8DKA,0,0,0,-5.82,,,0,0,0,0,0.00,15,0.00 %,,,0.00 %,0,0,0,0,,5.82,0,,
13-Feb-26,B01KHB8E4A,0,0,0,-0.82,1.28 %,,0,0,1,1,64.00,5,0.00 %,,,0.00 %,0,0,0,0,,0.82,0,,
13-Feb-26,B01LWX7WBR,0,0,0,-1.03,,,0,0,0,0,0.00,4,0.00 %,,,0.00 %,0,0,0,0,,1.03,0,,
13-Feb-26,B01MFI3MCW,0,0,0,-2.29,,,0,0,0,0,0.00,2,0.00 %,,,0.00 %,0,0,0,0,,2.29,0,,
13-Feb-26,B01N3OVRWE,0,0,0,-7.35,,,0,0,0,0,0.00,18,0.00 %,,,0.00 %,0,0,0,0,,7.35,0,,
13-Feb-26,B06XS3D5RG,0,0,0,-5.29,,,0,0,0,0,0.00,4,0.00 %,,,0.00 %,0,0,0,0,,5.29,0,,
13-Feb-26,B06XS9FDG6,0,0,0,-8.32,,,0,0,0,0,0.00,8,0.00 %,,,0.00 %,0,0,0,0,,8.32,0,,
13-Feb-26,B0CNRJDM2J,0,0,0,-1.33,,,0,0,0,0,0.00,4,0.00 %,,,0.00 %,0,0,0,0,,1.33,0,,
13-Feb-26,B0CNRK82V4,0,0,0,-0.60,,,0,0,0,0,0.00,4,0.00 %,,,0.00 %,0,0,0,0,,0.60,0,,
13-Feb-26,B0CNRLQVH7,0,0,0,-1.32,,,0,0,0,0,0.00,1,0.00 %,,,0.00 %,0,0,0,0,,1.32,0,,
13-Feb-26,B0FCRLQG4B,0,0,0,-1.17,,,0,0,0,0,0.00,5,0.00 %,,,0.00 %,0,0,0,0,,1.17,0,,
13-Feb-26,B06XCRF7RF,0,0,0,0,,,0,0,0,0,0,1,0.00 %,,,0.00 %,0,0,0,0,,0,0,,
13-Feb-26,B093P9QGZL,0,0,0,0,,,0,0,0,0,0,2,0.00 %,,,0.00 %,0,0,0,0,,0,0,,
13-Feb-26,B09T36PXKX,0,0,0,0,,,0,0,0,0,0,8,0.00 %,,,0.00 %,0,0,0,0,,0,0,,
13-Feb-26,B0C3GC6N5W,0,0,0,0,,,0,0,0,0,0,3,0.00 %,,,0.00 %,0,0,0,0,,0,0,,
13-Feb-26,B0CNRJXBYP,0,0,0,0,,,0,0,0,0,0,7,0.00 %,,,0.00 %,0,0,0,0,,0,0,,
13-Feb-26,B0CNRKL7SX,0,0,0,0,,,0,0,0,0,0,3,0.00 %,,,0.00 %,0,0,0,0,,0,0,,
13-Feb-26,B0F1D1CFHP,0,0,0,0,,,0,0,0,0,0,1,0.00 %,,,0.00 %,0,0,0,0,,0,0,,
13-Feb-26,B0F1D2B3FG,0,0,0,0,,,0,0,0,0,0,19,0.00 %,,,0.00 %,0,0,0,0,,0,0,,
13-Feb-26,B0F1D2HHD4,0,0,0,0,,,0,0,0,0,0,1,0.00 %,,,0.00 %,0,0,0,0,,0,0,,
13-Feb-26,B0F1D3VGX6,0,0,0,0,,,0,0,0,0,0,4,0.00 %,,,0.00 %,0,0,0,0,,0,0,,
13-Feb-26,B0FCRQRHJ8,0,0,0,0,,,0,0,0,0,0,1,0.00 %,,,0.00 %,0,0,0,0,,0,0,,
13-Feb-26,B0FD3LHYMN,0,0,0,0,,,0,0,0,0,0,1,0.00 %,,,0.00 %,0,0,0,0,,0,0,,
13-Feb-26,B0FD3PSJG3,0,0,0,0,,,0,0,0,0,0,2,0.00 %,,,0.00 %,0,0,0,0,,0,0,,
13-Feb-26,Sponsored Brands Product Collection/Brand Video,0,0,0,-48.26,,,0,0,0,0,0.00,,,,,0.00 %,0,0,0,0,,48.26,0,,
12-Feb-26,B06XCRF7RF,1,1,49.49,34.31,,0.36 %,1,0,0,0,0.00,8,12.50 %,49.49,,69.33 %,0,0,6.93,8.07,,0.18,0.00,,
12-Feb-26,B093P9QGZL,1,1,50.00,34.93,,,1,0,0,0,0,6,16.67 %,50.00,,69.86 %,0,0,7.00,8.07,,0,0.00,,
12-Feb-26,B09T36PXKX,1,1,49.49,34.49,,,1,0,0,0,0,15,6.67 %,49.49,,69.69 %,0,0,6.93,8.07,,0,0.00,,
12-Feb-26,B0C3GC6N5W,2,2,128.00,94.13,,0.73 %,2,0,0,0,0.00,8,25.00 %,64.00,,73.54 %,0,0,16.80,16.14,,0.93,0.00,,
12-Feb-26,B0FCRCZ1HC,2,2,23.98,12.62,,,2,0,0,0,0,4,50.00 %,11.99,,52.63 %,0,0,3.36,8.00,,0,0.00,,
12-Feb-26,B01KHB8DKA,0,0,0,-4.54,,,0,0,0,0,0.00,6,0.00 %,,,0.00 %,0,0,0,0,,4.54,0,,
12-Feb-26,B01KHB8E4A,0,0,0,-1.55,,,0,0,0,0,0.00,5,0.00 %,,,0.00 %,0,0,0,0,,1.55,0,,
12-Feb-26,B01LWX7WBR,0,0,0,-2.75,4.30 %,,0,0,1,1,64.00,10,0.00 %,,,0.00 %,0,0,0,0,,2.75,0,,
12-Feb-26,B01MFI3MCW,0,0,0,-1.63,,,0,0,0,0,0.00,5,0.00 %,,,0.00 %,0,0,0,0,,1.63,0,,
12-Feb-26,B01N3OVRWE,0,0,0,-8.47,,,0,0,0,0,0.00,23,0.00 %,,,0.00 %,0,0,0,0,,8.47,0,,
12-Feb-26,B06XS3D5RG,0,0,0,-2.23,,,0,0,0,0,0.00,5,0.00 %,,,0.00 %,0,0,0,0,,2.23,0,,
12-Feb-26,B06XS9FDG6,0,0,0,-7.70,,,0,0,0,0,0.00,12,0.00 %,,,0.00 %,0,0,0,0,,7.70,0,,
12-Feb-26,B07NZM7X6F,0,0,0,-4.34,,,0,0,0,0,0.00,9,0.00 %,,,0.00 %,0,0,0,0,,4.34,0,,
12-Feb-26,B093P2DLLJ,0,0,0,-2.07,,,0,0,0,0,0.00,20,0.00 %,,,0.00 %,0,0,0,0,,2.07,0,,
12-Feb-26,B0C3GNK3VF,0,0,0,-0.75,,,0,0,0,0,0.00,7,0.00 %,,,0.00 %,0,0,0,0,,0.75,0,,
12-Feb-26,B0CNRJK9ZG,0,0,0,-0.84,,,0,0,0,0,0.00,2,0.00 %,,,0.00 %,0,0,0,0,,0.84,0,,
12-Feb-26,B0CNRJXBYP,0,0,0,-3.90,,,0,0,0,0,0.00,8,0.00 %,,,0.00 %,0,0,0,0,,3.90,0,,
12-Feb-26,B0DP27SKJN,0,0,0,-0.41,,,0,0,0,0,0.00,2,0.00 %,,,0.00 %,0,0,0,0,,0.41,0,,
12-Feb-26,B0F1D4F97T,0,0,0,-1.22,,,0,0,0,0,0.00,8,0.00 %,,,0.00 %,0,0,0,0,,1.22,0,,
12-Feb-26,B0FCRK9JCK,0,0,0,-0.58,,,0,0,0,0,0.00,1,0.00 %,,,0.00 %,0,0,0,0,,0.58,0,,
12-Feb-26,B0FCRLQG4B,0,0,0,-0.58,,,0,0,0,0,0.00,9,0.00 %,,,0.00 %,0,0,0,0,,0.58,0,,
12-Feb-26,B0FD3LHYMN,0,0,0,-0.58,,,0,0,0,0,0.00,3,0.00 %,,,0.00 %,0,0,0,0,,0.58,0,,
12-Feb-26,B0FD3MZ97V,0,0,0,-0.41,,,0,0,0,0,0.00,1,0.00 %,,,0.00 %,0,0,0,0,,0.41,0,,
12-Feb-26,B093P8LWNV,0,0,0,0,,,0,0,0,0,0,1,0.00 %,,,0.00 %,0,0,0,0,,0,0,,
12-Feb-26,B0CNRJDM2J,0,0,0,0,,,0,0,0,0,0,7,0.00 %,,,0.00 %,0,0,0,0,,0,0,,
12-Feb-26,B0CNRK82V4,0,0,0,0,,,0,0,0,0,0,2,0.00 %,,,0.00 %,0,0,0,0,,0,0,,
12-Feb-26,B0CNRKL7SX,0,0,0,0,,,0,0,0,0,0,4,0.00 %,,,0.00 %,0,0,0,0,,0,0,,
12-Feb-26,B0CNRLQVH7,0,0,0,0,,,0,0,0,0,0,1,0.00 %,,,0.00 %,0,0,0,0,,0,0,,
12-Feb-26,B0DP29LW5K,0,0,0,0,,,0,0,0,0,0,1,0.00 %,,,0.00 %,0,0,0,0,,0,0,,
12-Feb-26,B0F1D1CFHP,0,0,0,0,,,0,0,0,0,0,2,0.00 %,,,0.00 %,0,0,0,0,,0,0,,
12-Feb-26,B0F1D2B3FG,0,0,0,0,,,0,0,0,0,0,19,0.00 %,,,0.00 %,0,0,0,0,,0,0,,
12-Feb-26,B0F1D2HHD4,0,0,0,0,,,0,0,0,0,0,1,0.00 %,,,0.00 %,0,0,0,0,,0,0,,
12-Feb-26,B0F1D3VGX6,0,0,0,0,,,0,0,0,0,0,10,0.00 %,,,0.00 %,0,0,0,0,,0,0,,
12-Feb-26,B0FCRQRHJ8,0,0,0,0,,,0,0,0,0,0,2,0.00 %,,,0.00 %,0,0,0,0,,0,0,,
12-Feb-26,B0FD3PSJG3,0,0,0,0,,,0,0,0,0,0,8,0.00 %,,,0.00 %,0,0,0,0,,0,0,,
12-Feb-26,Sponsored Brands Product Collection/Brand Video,0,0,0,-88.77,,,0,0,4,5,204.48,,,,,0.00 %,0,0,0,0,,88.77,0,,
11-Feb-26,B01KHB8DKA,1,1,64.50,40.86,,11.04 %,1,0,0,0,0.00,10,10.00 %,64.50,,63.35 %,0,0,8.45,8.07,,7.12,0.00,,
11-Feb-26,B01N3OVRWE,2,2,129.00,89.60,9.86 %,4.93 %,1,0,1,1,64.50,24,8.33 %,64.50,,69.46 %,0,0,16.90,16.14,,6.36,0.00,,
11-Feb-26,B093P2DLLJ,1,1,64.50,42.86,10.24 %,7.94 %,0,0,1,1,50.00,15,6.67 %,64.50,,66.45 %,0,0,8.45,8.07,,5.12,0.00,,
11-Feb-26,B0F1D2B3FG,1,1,40.00,26.94,,,1,0,0,0,0,7,14.29 %,40.00,,67.35 %,0,0,5.60,7.46,,0,0.00,,
11-Feb-26,B0FCRLQG4B,1,2,23.98,12.61,,,2,0,0,0,0,11,9.09 %,11.99,,52.59 %,0,0,3.36,8.01,,0,0.00,,
11-Feb-26,B0FD3PSJG3,2,3,50.97,28.23,1.71 %,1.14 %,1,0,1,2,33.98,6,33.33 %,16.99,,55.39 %,0,0,7.14,15.02,,0.58,0.00,,
11-Feb-26,B01KHB8E4A,0,0,0,-0.84,,,0,0,0,0,0.00,7,0.00 %,,,0.00 %,0,0,0,0,,0.84,0,,
11-Feb-26,B01LWX7WBR,0,0,0,-4.61,,,0,0,0,0,0.00,6,0.00 %,,,0.00 %,0,0,0,0,,4.61,0,,
11-Feb-26,B01MFI3MCW,0,0,0,-0.93,,,0,0,0,0,0.00,2,0.00 %,,,0.00 %,0,0,0,0,,0.93,0,,
11-Feb-26,B06XCRF7RF,0,0,0,-0.87,,,0,0,0,0,0.00,1,0.00 %,,,0.00 %,0,0,0,0,,0.87,0,,
11-Feb-26,B06XS9FDG6,0,0,0,-1.12,,,0,0,0,0,0.00,3,0.00 %,,,0.00 %,0,0,0,0,,1.12,0,,
11-Feb-26,B07NZM7X6F,0,0,0,-9.96,,,0,0,0,0,0.00,13,0.00 %,,,0.00 %,0,0,0,0,,9.96,0,,
11-Feb-26,B0C3GNK3VF,0,0,0,-3.30,,,0,0,0,0,0.00,8,0.00 %,,,0.00 %,0,0,0,0,,3.30,0,,
11-Feb-26,B0CNRJDM2J,0,0,0,-5.50,8.59 %,,0,0,1,1,64.00,13,0.00 %,,,0.00 %,0,0,0,0,,5.50,0,,
11-Feb-26,B0CNRJXBYP,0,0,0,-3.78,,,0,0,0,0,0.00,10,0.00 %,,,0.00 %,0,0,0,0,,3.78,0,,
11-Feb-26,B0CNRK82V4,0,0,0,-2.45,,,0,0,0,0,0.00,2,0.00 %,,,0.00 %,0,0,0,0,,2.45,0,,
11-Feb-26,B0CNRKL7SX,0,0,0,-1.38,,,0,0,0,0,0.00,5,0.00 %,,,0.00 %,0,0,0,0,,1.38,0,,
11-Feb-26,B0CNRLQVH7,0,0,0,-1.41,,,0,0,0,0,0.00,2,0.00 %,,,0.00 %,0,0,0,0,,1.41,0,,
11-Feb-26,B0F1D3VGX6,0,0,0,-1.28,,,0,0,0,0,0.00,6,0.00 %,,,0.00 %,0,0,0,0,,1.28,0,,
11-Feb-26,B0FD3MZ97V,0,0,0,-0.58,,,0,0,0,0,0.00,2,0.00 %,,,0.00 %,0,0,0,0,,0.58,0,,
11-Feb-26,B06XS3D5RG,0,0,0,0,,,0,0,0,0,0,1,0.00 %,,,0.00 %,0,0,0,0,,0,0,,
11-Feb-26,B093P8LWNV,0,0,0,0,,,0,0,0,0,0,4,0.00 %,,,0.00 %,0,0,0,0,,0,0,,
11-Feb-26,B093P9QGZL,0,0,0,0,,,0,0,0,0,0,5,0.00 %,,,0.00 %,0,0,0,0,,0,0,,
11-Feb-26,B09T36PXKX,0,0,0,0,,,0,0,0,0,0,6,0.00 %,,,0.00 %,0,0,0,0,,0,0,,
11-Feb-26,B0C3GC6N5W,0,0,0,0,,,0,0,0,0,0,2,0.00 %,,,0.00 %,0,0,0,0,,0,0,,
11-Feb-26,B0CNRJK9ZG,0,0,0,0,,,0,0,0,0,0,1,0.00 %,,,0.00 %,0,0,0,0,,0,0,,
11-Feb-26,B0F1D4F97T,0,0,0,0,,,0,0,0,0,0,3,0.00 %,,,0.00 %,0,0,0,0,,0,0,,
11-Feb-26,B0FCRCZ1HC,0,0,0,0,,,0,0,0,0,0,2,0.00 %,,,0.00 %,0,0,0,0,,0,0,,
11-Feb-26,B0FCRK9JCK,0,0,0,0,,,0,0,0,0,0,1,0.00 %,,,0.00 %,0,0,0,0,,0,0,,
11-Feb-26,B0FCRQRHJ8,0,0,0,0,,,0,0,0,0,0,2,0.00 %,,,0.00 %,0,0,0,0,,0,0,,
11-Feb-26,B0FD3LHYMN,0,0,0,0,,,0,0,0,0,0,1,0.00 %,,,0.00 %,0,0,0,0,,0,0,,
11-Feb-26,Sponsored Brands Product Collection/Brand Video,0,0,0,-60.17,,,0,0,4,5,145.47,,,,,0.00 %,0,0,0,0,,60.17,0,,
10-Feb-26,B0FCRLQG4B,2,2,23.98,12.62,,,2,0,0,0,0,6,33.33 %,11.99,,52.63 %,0,0,3.36,8.00,,0,0.00,,
10-Feb-26,B0FCRQRHJ8,1,1,11.99,6.31,,,1,0,0,0,0,2,50.00 %,11.99,,52.63 %,0,0,1.68,4.00,,0,0.00,,
10-Feb-26,B0FD3LHYMN,1,1,16.99,9.60,,,1,0,0,0,0,3,33.33 %,16.99,,56.50 %,0,0,2.38,5.01,,0,0.00,,
10-Feb-26,B0FD3MZ97V,1,1,16.99,9.60,,,1,0,0,0,0,2,50.00 %,16.99,,56.50 %,0,0,2.38,5.01,,0,0.00,,
10-Feb-26,B0F1D4F97T,0,0,0,-35.08,,,0,0,0,0,0,4,0.00 %,,,0.00 %,1,35.08,0,0,,0,0,,
10-Feb-26,B01KHB8DKA,0,0,0,-2.69,,,0,0,0,0,0.00,5,0.00 %,,,0.00 %,0,0,0,0,,2.69,0,,
10-Feb-26,B01KHB8E4A,0,0,0,-2.58,,,0,0,0,0,0.00,5,0.00 %,,,0.00 %,0,0,0,0,,2.58,0,,
10-Feb-26,B01LWX7WBR,0,0,0,-6.21,,,0,0,0,0,0.00,6,0.00 %,,,0.00 %,0,0,0,0,,6.21,0,,
10-Feb-26,B01MFI3MCW,0,0,0,-0.81,,,0,0,0,0,0.00,2,0.00 %,,,0.00 %,0,0,0,0,,0.81,0,,
10-Feb-26,B01N3OVRWE,0,0,0,-8.11,,,0,0,0,0,0.00,18,0.00 %,,,0.00 %,0,0,0,0,,8.11,0,,
10-Feb-26,B06XCRF7RF,0,0,0,-5.89,,,0,0,0,0,0.00,7,0.00 %,,,0.00 %,0,0,0,0,,5.89,0,,
10-Feb-26,B06XS3D5RG,0,0,0,-1.04,,,0,0,0,0,0.00,4,0.00 %,,,0.00 %,0,0,0,0,,1.04,0,,
10-Feb-26,B06XS9FDG6,0,0,0,-3.05,,,0,0,0,0,0.00,6,0.00 %,,,0.00 %,0,0,0,0,,3.05,0,,
10-Feb-26,B07NZM7X6F,0,0,0,-6.94,,,0,0,0,0,0.00,10,0.00 %,,,0.00 %,0,0,0,0,,6.94,0,,
10-Feb-26,B093P2DLLJ,0,0,0,-1.19,,,0,0,0,0,0.00,10,0.00 %,,,0.00 %,0,0,0,0,,1.19,0,,
10-Feb-26,B09R4DDJ78,0,0,0,-0.68,,,0,0,0,0,0.00,2,0.00 %,,,0.00 %,0,0,0,0,,0.68,0,,
10-Feb-26,B0C3GC6N5W,0,0,0,-0.96,,,0,0,0,0,0.00,5,0.00 %,,,0.00 %,0,0,0,0,,0.96,0,,
10-Feb-26,B0C3GNK3VF,0,0,0,-2.54,,,0,0,0,0,0.00,4,0.00 %,,,0.00 %,0,0,0,0,,2.54,0,,
10-Feb-26,B0CNRJDM2J,0,0,0,-2.11,,,0,0,0,0,0.00,7,0.00 %,,,0.00 %,0,0,0,0,,2.11,0,,
10-Feb-26,B0CNRJK9ZG,0,0,0,-0.26,,,0,0,0,0,0.00,1,0.00 %,,,0.00 %,0,0,0,0,,0.26,0,,
10-Feb-26,B093P8LWNV,0,0,0,0,,,0,0,0,0,0,1,0.00 %,,,0.00 %,0,0,0,0,,0,0,,
10-Feb-26,B093P9QGZL,0,0,0,0,,,0,0,0,0,0,2,0.00 %,,,0.00 %,0,0,0,0,,0,0,,
10-Feb-26,B09T36PXKX,0,0,0,0,,,0,0,0,0,0,8,0.00 %,,,0.00 %,0,0,0,0,,0,0,,
10-Feb-26,B0CNRKL7SX,0,0,0,0,,,0,0,0,0,0,3,0.00 %,,,0.00 %,0,0,0,0,,0,0,,
10-Feb-26,B0F1D2B3FG,0,0,0,0,,,0,0,0,0,0,16,0.00 %,,,0.00 %,0,0,0,0,,0,0,,
10-Feb-26,B0F1D3VGX6,0,0,0,0,,,0,0,0,0,0,12,0.00 %,,,0.00 %,0,0,0,0,,0,0,,
10-Feb-26,B0FCRCZ1HC,0,0,0,0,,,0,0,0,0,0,2,0.00 %,,,0.00 %,0,0,0,0,,0,0,,
10-Feb-26,B0FCRK9JCK,0,0,0,0,,,0,0,0,0,0,4,0.00 %,,,0.00 %,0,0,0,0,,0,0,,
10-Feb-26,B0FD3PSJG3,0,0,0,0,,,0,0,0,0,0,6,0.00 %,,,0.00 %,0,0,0,0,,0,0,,
10-Feb-26,Sponsored Brands Product Collection/Brand Video,0,0,0,-74.10,,,0,0,2,2,23.98,,,,,0.00 %,0,0,0,0,,74.10,0,,
09-Feb-26,B0C3GNK3VF,2,2,129.00,92.17,,2.94 %,2,0,0,0,0.00,5,40.00 %,64.50,,71.45 %,0,0,16.90,16.14,,3.79,0.00,,
09-Feb-26,B0FCRLQG4B,1,1,11.99,6.31,,,1,0,0,0,0,12,8.33 %,11.99,,52.63 %,0,0,1.68,4.00,,0,0.00,,
09-Feb-26,B0FCRQRHJ8,1,1,11.99,6.31,,,1,0,0,0,0,2,50.00 %,11.99,,52.63 %,0,0,1.68,4.00,,0,0.00,,
09-Feb-26,B0FD3LHYMN,3,3,50.97,28.80,,,3,0,0,0,0,2,100.00 %,16.99,,56.50 %,0,0,7.14,15.03,,0,0.00,,
09-Feb-26,B01N3OVRWE,0,0,0,-50.49,,,0,0,0,0,0.00,13,0.00 %,,,0.00 %,1,46.24,0,0,,4.25,0,,
09-Feb-26,B01KHB8DKA,0,0,0,-3.17,,,0,0,0,0,0.00,7,0.00 %,,,0.00 %,0,0,0,0,,3.17,0,,
09-Feb-26,B01LWX7WBR,0,0,0,-0.90,,,0,0,0,0,0.00,1,0.00 %,,,0.00 %,0,0,0,0,,0.90,0,,
09-Feb-26,B06XCRF7RF,0,0,0,-1.20,,,0,0,0,0,0.00,3,0.00 %,,,0.00 %,0,0,0,0,,1.20,0,,
09-Feb-26,B06XS9FDG6,0,0,0,-4.98,,,0,0,0,0,0.00,5,0.00 %,,,0.00 %,0,0,0,0,,4.98,0,,
09-Feb-26,B07NZM7X6F,0,0,0,-3.57,,,0,0,0,0,0.00,5,0.00 %,,,0.00 %,0,0,0,0,,3.57,0,,
09-Feb-26,B093P2DLLJ,0,0,0,-5.19,,,0,0,0,0,0.00,14,0.00 %,,,0.00 %,0,0,0,0,,5.19,0,,
09-Feb-26,B0CNRJDM2J,0,0,0,-1.28,,,0,0,0,0,0.00,9,0.00 %,,,0.00 %,0,0,0,0,,1.28,0,,
09-Feb-26,B0CNRJK9ZG,0,0,0,-1.40,,,0,0,0,0,0.00,2,0.00 %,,,0.00 %,0,0,0,0,,1.40,0,,
09-Feb-26,B0CNRLQVH7,0,0,0,-1.12,,,0,0,0,0,0.00,2,0.00 %,,,0.00 %,0,0,0,0,,1.12,0,,
09-Feb-26,B01KHB8E4A,0,0,0,0,,,0,0,0,0,0,2,0.00 %,,,0.00 %,0,0,0,0,,0,0,,
09-Feb-26,B01MFI3MCW,0,0,0,0,,,0,0,0,0,0,1,0.00 %,,,0.00 %,0,0,0,0,,0,0,,
09-Feb-26,B06XS3D5RG,0,0,0,0,,,0,0,0,0,0,2,0.00 %,,,0.00 %,0,0,0,0,,0,0,,
09-Feb-26,B093P8LWNV,0,0,0,0,,,0,0,0,0,0,1,0.00 %,,,0.00 %,0,0,0,0,,0,0,,
09-Feb-26,B093P9QGZL,0,0,0,0,,,0,0,0,0,0,1,0.00 %,,,0.00 %,0,0,0,0,,0,0,,
09-Feb-26,B09T36PXKX,0,0,0,0,,,0,0,0,0,0,8,0.00 %,,,0.00 %,0,0,0,0,,0,0,,
09-Feb-26,B0C3GC6N5W,0,0,0,0,,,0,0,0,0,0,3,0.00 %,,,0.00 %,0,0,0,0,,0,0,,
09-Feb-26,B0CNRKL7SX,0,0,0,0,,,0,0,0,0,0,2,0.00 %,,,0.00 %,0,0,0,0,,0,0,,
09-Feb-26,B0DP2BK94D,0,0,0,0,,,0,0,0,0,0,1,0.00 %,,,0.00 %,0,0,0,0,,0,0,,
09-Feb-26,B0F1D1CFHP,0,0,0,0,,,0,0,0,0,0,1,0.00 %,,,0.00 %,0,0,0,0,,0,0,,
09-Feb-26,B0F1D2B3FG,0,0,0,0,,,0,0,0,0,0,12,0.00 %,,,0.00 %,0,0,0,0,,0,0,,
09-Feb-26,B0F1D2HHD4,0,0,0,0,,,0,0,0,0,0,2,0.00 %,,,0.00 %,0,0,0,0,,0,0,,
09-Feb-26,B0F1D3VGX6,0,0,0,0,,,0,0,0,0,0,5,0.00 %,,,0.00 %,0,0,0,0,,0,0,,
09-Feb-26,B0F1D4F97T,0,0,0,0,,,0,0,0,0,0,4,0.00 %,,,0.00 %,0,0,0,0,,0,0,,
09-Feb-26,B0FCRCZ1HC,0,0,0,0,,,0,0,0,0,0,1,0.00 %,,,0.00 %,0,0,0,0,,0,0,,
09-Feb-26,B0FCRK9JCK,0,0,0,0,,,0,0,0,0,0,3,0.00 %,,,0.00 %,0,0,0,0,,0,0,,
09-Feb-26,B0FD3MZ97V,0,0,0,0,,,0,0,0,0,0,1,0.00 %,,,0.00 %,0,0,0,0,,0,0,,
09-Feb-26,B0FD3PSJG3,0,0,0,0,,,0,0,0,0,0,7,0.00 %,,,0.00 %,0,0,0,0,,0,0,,
09-Feb-26,Sponsored Brands Product Collection/Brand Video,0,0,0,-53.51,,,0,0,2,2,28.98,,,,,0.00 %,0,0,0,0,,53.51,0,,
08-Feb-26,B01KHB8E4A,2,2,129.00,94.79,,0.91 %,2,0,0,0,0.00,10,20.00 %,64.50,,73.48 %,0,0,16.90,16.14,,1.17,0.00,,
08-Feb-26,B0CNRJK9ZG,1,1,84.50,64.10,,2.22 %,1,0,0,0,0.00,5,20.00 %,84.50,,75.86 %,0,0,10.45,8.07,,1.88,0.00,,
08-Feb-26,B0FCRLQG4B,1,1,11.99,6.31,,,1,0,0,0,0,6,16.67 %,11.99,,52.63 %,0,0,1.68,4.00,,0,0.00,,
08-Feb-26,B0FD3LHYMN,1,1,16.99,9.60,,,1,0,0,0,0,1,100.00 %,16.99,,56.50 %,0,0,2.38,5.01,,0,0.00,,
08-Feb-26,B0FD3PSJG3,1,1,16.99,9.60,,,1,0,0,0,0,8,12.50 %,16.99,,56.50 %,0,0,2.38,5.01,,0,0.00,,
08-Feb-26,B01KHB8DKA,0,0,0,-5.18,,,0,0,0,0,0.00,10,0.00 %,,,0.00 %,0,0,0,0,,5.18,0,,
08-Feb-26,B01LWX7WBR,0,0,0,-1.90,,,0,0,0,0,0.00,5,0.00 %,,,0.00 %,0,0,0,0,,1.90,0,,
08-Feb-26,B01N3OVRWE,0,0,0,-10.30,,,0,0,0,0,0.00,33,0.00 %,,,0.00 %,0,0,0,0,,10.30,0,,
08-Feb-26,B06XCRF7RF,0,0,0,-1.38,,,0,0,0,0,0.00,8,0.00 %,,,0.00 %,0,0,0,0,,1.38,0,,
08-Feb-26,B06XS3D5RG,0,0,0,-0.86,,,0,0,0,0,0.00,3,0.00 %,,,0.00 %,0,0,0,0,,0.86,0,,
08-Feb-26,B06XS9FDG6,0,0,0,-5.73,,,0,0,0,0,0.00,7,0.00 %,,,0.00 %,0,0,0,0,,5.73,0,,
08-Feb-26,B07NZM7X6F,0,0,0,-7.32,,,0,0,0,0,0.00,10,0.00 %,,,0.00 %,0,0,0,0,,7.32,0,,
08-Feb-26,B093P2DLLJ,0,0,0,-1.93,,,0,0,0,0,0.00,16,0.00 %,,,0.00 %,0,0,0,0,,1.93,0,,
08-Feb-26,B0C3GC6N5W,0,0,0,-2.67,,,0,0,0,0,0.00,8,0.00 %,,,0.00 %,0,0,0,0,,2.67,0,,
08-Feb-26,B0C3GNK3VF,0,0,0,-2.86,,,0,0,0,0,0.00,7,0.00 %,,,0.00 %,0,0,0,0,,2.86,0,,
08-Feb-26,B0CNRJDM2J,0,0,0,-3.98,,,0,0,0,0,0.00,15,0.00 %,,,0.00 %,0,0,0,0,,3.98,0,,
08-Feb-26,B0CNRKL7SX,0,0,0,-1.24,,,0,0,0,0,0.00,10,0.00 %,,,0.00 %,0,0,0,0,,1.24,0,,
08-Feb-26,B0CNRLQVH7,0,0,0,-1.65,,,0,0,0,0,0.00,3,0.00 %,,,0.00 %,0,0,0,0,,1.65,0,,
08-Feb-26,B0DP29LW5K,0,0,0,-0.56,,,0,0,0,0,0.00,1,0.00 %,,,0.00 %,0,0,0,0,,0.56,0,,
08-Feb-26,B0F1D3VGX6,0,0,0,-1.14,,,0,0,0,0,0.00,13,0.00 %,,,0.00 %,0,0,0,0,,1.14,0,,
08-Feb-26,B0F1D4F97T,0,0,0,-1.16,,,0,0,0,0,0.00,4,0.00 %,,,0.00 %,0,0,0,0,,1.16,0,,
08-Feb-26,B0FCRK9JCK,0,0,0,-0.38,,,0,0,0,0,0.00,1,0.00 %,,,0.00 %,0,0,0,0,,0.38,0,,
08-Feb-26,B01MFI3MCW,0,0,0,0,,,0,0,0,0,0,2,0.00 %,,,0.00 %,0,0,0,0,,0,0,,
08-Feb-26,B093P9QGZL,0,0,0,0,,,0,0,0,0,0,1,0.00 %,,,0.00 %,0,0,0,0,,0,0,,
08-Feb-26,B09T36PXKX,0,0,0,0,,,0,0,0,0,0,19,0.00 %,,,0.00 %,0,0,0,0,,0,0,,
08-Feb-26,B0DP27SKJN,0,0,0,0,,,0,0,0,0,0,1,0.00 %,,,0.00 %,0,0,0,0,,0,0,,
08-Feb-26,B0F1D1CFHP,0,0,0,0,,,0,0,0,0,0,2,0.00 %,,,0.00 %,0,0,0,0,,0,0,,
08-Feb-26,B0F1D2B3FG,0,0,0,0,,,0,0,0,0,0,16,0.00 %,,,0.00 %,0,0,0,0,,0,0,,
08-Feb-26,B0F1D2HHD4,0,0,0,0,,,0,0,0,0,0,2,0.00 %,,,0.00 %,0,0,0,0,,0,0,,
08-Feb-26,B0FCRCZ1HC,0,0,0,0,,,0,0,0,0,0,1,0.00 %,,,0.00 %,0,0,0,0,,0,0,,
08-Feb-26,B0FCRQRHJ8,0,0,0,0,,,0,0,0,0,0,2,0.00 %,,,0.00 %,0,0,0,0,,0,0,,
08-Feb-26,B0FD3MZ97V,0,0,0,0,,,0,0,0,0,0,2,0.00 %,,,0.00 %,0,0,0,0,,0,0,,
08-Feb-26,Sponsored Brands Product Collection/Brand Video,0,0,0,-97.72,,,0,0,1,1,16.99,,,,,0.00 %,0,0,0,0,,97.72,0,,
07-Feb-26,B0FCRLQG4B,2,2,23.98,12.62,,,2,0,0,0,0,9,22.22 %,11.99,,52.63 %,0,0,3.36,8.00,,0,0.00,,
07-Feb-26,B0FCRQRHJ8,1,1,11.99,6.31,,,1,0,0,0,0,4,25.00 %,11.99,,52.63 %,0,0,1.68,4.00,,0,0.00,,
07-Feb-26,B0FD3PMPVC,3,3,50.97,28.80,,,3,0,0,0,0,9,33.33 %,16.99,,56.50 %,0,0,7.14,15.03,,0,0.00,,
07-Feb-26,B01KHB8DKA,0,0,0,-4.53,,,0,0,0,0,0.00,8,0.00 %,,,0.00 %,0,0,0,0,,4.53,0,,
07-Feb-26,B01N3OVRWE,0,0,0,-8.83,,,0,0,0,0,0.00,25,0.00 %,,,0.00 %,0,0,0,0,,8.83,0,,
07-Feb-26,B06XCRF7RF,0,0,0,-0.94,,,0,0,0,0,0.00,5,0.00 %,,,0.00 %,0,0,0,0,,0.94,0,,
07-Feb-26,B06XS3D5RG,0,0,0,-3.73,,,0,0,0,0,0.00,4,0.00 %,,,0.00 %,0,0,0,0,,3.73,0,,
07-Feb-26,B06XS9FDG6,0,0,0,-2.60,,,0,0,0,0,0.00,2,0.00 %,,,0.00 %,0,0,0,0,,2.60,0,,
07-Feb-26,B07NZM7X6F,0,0,0,-7.54,,,0,0,0,0,0.00,11,0.00 %,,,0.00 %,0,0,0,0,,7.54,0,,
07-Feb-26,B0C3GNK3VF,0,0,0,-3.59,,,0,0,0,0,0.00,5,0.00 %,,,0.00 %,0,0,0,0,,3.59,0,,
07-Feb-26,B0CNRJK9ZG,0,0,0,-0.99,,,0,0,0,0,0.00,2,0.00 %,,,0.00 %,0,0,0,0,,0.99,0,,
07-Feb-26,B0CNRKL7SX,0,0,0,-0.24,,,0,0,0,0,0.00,5,0.00 %,,,0.00 %,0,0,0,0,,0.24,0,,
07-Feb-26,B0F1D3VGX6,0,0,0,-2.02,,,0,0,0,0,0.00,9,0.00 %,,,0.00 %,0,0,0,0,,2.02,0,,
07-Feb-26,B0FCRK9JCK,0,0,0,-0.58,,,0,0,0,0,0.00,2,0.00 %,,,0.00 %,0,0,0,0,,0.58,0,,
07-Feb-26,B01KHB8E4A,0,0,0,0,,,0,0,0,0,0,8,0.00 %,,,0.00 %,0,0,0,0,,0,0,,
07-Feb-26,B01LWX7WBR,0,0,0,0,,,0,0,0,0,0,1,0.00 %,,,0.00 %,0,0,0,0,,0,0,,
07-Feb-26,B01MFI3MCW,0,0,0,0,,,0,0,0,0,0,1,0.00 %,,,0.00 %,0,0,0,0,,0,0,,
07-Feb-26,B093P2DLLJ,0,0,0,0,,,0,0,0,0,0,10,0.00 %,,,0.00 %,0,0,0,0,,0,0,,
07-Feb-26,B09T36PXKX,0,0,0,0,,,0,0,0,0,0,13,0.00 %,,,0.00 %,0,0,0,0,,0,0,,
07-Feb-26,B0C3GC6N5W,0,0,0,0,,,0,0,0,0,0,6,0.00 %,,,0.00 %,0,0,0,0,,0,0,,
07-Feb-26,B0CNRJDM2J,0,0,0,0,,,0,0,0,0,0,11,0.00 %,,,0.00 %,0,0,0,0,,0,0,,
07-Feb-26,B0CNRLQVH7,0,0,0,0,,,0,0,0,0,0,2,0.00 %,,,0.00 %,0,0,0,0,,0,0,,
07-Feb-26,B0DP27SKJN,0,0,0,0,,,0,0,0,0,0,1,0.00 %,,,0.00 %,0,0,0,0,,0,0,,
07-Feb-26,B0DP29LW5K,0,0,0,0,,,0,0,0,0,0,1,0.00 %,,,0.00 %,0,0,0,0,,0,0,,
07-Feb-26,B0DP2BK94D,0,0,0,0,,,0,0,0,0,0,1,0.00 %,,,0.00 %,0,0,0,0,,0,0,,
07-Feb-26,B0F1D1CFHP,0,0,0,0,,,0,0,0,0,0,2,0.00 %,,,0.00 %,0,0,0,0,,0,0,,
07-Feb-26,B0F1D2B3FG,0,0,0,0,,,0,0,0,0,0,13,0.00 %,,,0.00 %,0,0,0,0,,0,0,,
07-Feb-26,B0F1D2HHD4,0,0,0,0,,,0,0,0,0,0,1,0.00 %,,,0.00 %,0,0,0,0,,0,0,,
07-Feb-26,B0F1D4F97T,0,0,0,0,,,0,0,0,0,0,4,0.00 %,,,0.00 %,0,0,0,0,,0,0,,
07-Feb-26,B0FD3MZ97V,0,0,0,0,,,0,0,0,0,0,2,0.00 %,,,0.00 %,0,0,0,0,,0,0,,
07-Feb-26,B0FD3PSJG3,0,0,0,0,,,0,0,0,0,0,6,0.00 %,,,0.00 %,0,0,0,0,,0,0,,
07-Feb-26,Sponsored Brands Product Collection/Brand Video,0,0,0,-70.56,,,0,0,4,4,57.96,,,,,0.00 %,0,0,0,0,,70.56,0,,
06-Feb-26,B093P2DLLJ,1,1,64.50,45.91,,3.21 %,1,0,0,0,0.00,13,7.69 %,64.50,,71.18 %,0,0,8.45,8.07,,2.07,0.00,,
06-Feb-26,B0C3GNK3VF,1,1,64.50,47.10,,1.36 %,1,0,0,0,0.00,6,16.67 %,64.50,,73.02 %,0,0,8.45,8.07,,0.88,0.00,,
06-Feb-26,B0CNRJDM2J,1,1,71.40,52.89,,1.82 %,1,0,0,0,0.00,16,6.25 %,71.40,,74.08 %,0,0,9.14,8.07,,1.30,0.00,,
06-Feb-26,B0FCRLQG4B,1,1,11.99,6.31,,,1,0,0,0,0,6,16.67 %,11.99,,52.63 %,0,0,1.68,4.00,,0,0.00,,
06-Feb-26,B0FD3LHYMN,1,1,16.99,9.60,,,1,0,0,0,0,3,33.33 %,16.99,,56.50 %,0,0,2.38,5.01,,0,0.00,,
06-Feb-26,B0FD3PMPVC,5,5,84.95,47.44,,0.66 %,5,0,0,0,0.00,11,45.45 %,16.99,,55.84 %,0,0,11.90,25.05,,0.56,0.00,,
06-Feb-26,B01KHB8DKA,0,0,0,-3.48,,,0,0,0,0,0.00,8,0.00 %,,,0.00 %,0,0,0,0,,3.48,0,,
06-Feb-26,B01LWX7WBR,0,0,0,-4.38,,,0,0,0,0,0.00,4,0.00 %,,,0.00 %,0,0,0,0,,4.38,0,,
06-Feb-26,B01MFI3MCW,0,0,0,-2.60,,,0,0,0,0,0.00,1,0.00 %,,,0.00 %,0,0,0,0,,2.60,0,,
06-Feb-26,B01N3OVRWE,0,0,0,-14.07,21.81 %,,0,0,1,1,64.50,27,0.00 %,,,0.00 %,0,0,0,0,,14.07,0,,
06-Feb-26,B06XCRF7RF,0,0,0,-4.84,,,0,0,0,0,0.00,8,0.00 %,,,0.00 %,0,0,0,0,,4.84,0,,
06-Feb-26,B06XS3D5RG,0,0,0,-3.59,,,0,0,0,0,0.00,3,0.00 %,,,0.00 %,0,0,0,0,,3.59,0,,
06-Feb-26,B06XS9FDG6,0,0,0,-3.47,,,0,0,0,0,0.00,5,0.00 %,,,0.00 %,0,0,0,0,,3.47,0,,
06-Feb-26,B07NZM7X6F,0,0,0,-4.24,,,0,0,0,0,0.00,8,0.00 %,,,0.00 %,0,0,0,0,,4.24,0,,
06-Feb-26,B093P9QGZL,0,0,0,-0.59,,,0,0,0,0,0.00,1,0.00 %,,,0.00 %,0,0,0,0,,0.59,0,,
06-Feb-26,B09R4DDJ78,0,0,0,-0.74,,,0,0,0,0,0.00,1,0.00 %,,,0.00 %,0,0,0,0,,0.74,0,,
06-Feb-26,B0C3GC6N5W,0,0,0,-2.68,,,0,0,0,0,0.00,12,0.00 %,,,0.00 %,0,0,0,0,,2.68,0,,
06-Feb-26,B0F1D4F97T,0,0,0,-2.32,,,0,0,0,0,0.00,3,0.00 %,,,0.00 %,0,0,0,0,,2.32,0,,
06-Feb-26,B0FCRQRHJ8,0,0,0,-0.39,,,0,0,0,0,0.00,3,0.00 %,,,0.00 %,0,0,0,0,,0.39,0,,
06-Feb-26,B01KHB8E4A,0,0,0,0,,,0,0,0,0,0,4,0.00 %,,,0.00 %,0,0,0,0,,0,0,,
06-Feb-26,B093P8LWNV,0,0,0,0,,,0,0,0,0,0,1,0.00 %,,,0.00 %,0,0,0,0,,0,0,,
06-Feb-26,B09T36PXKX,0,0,0,0,,,0,0,0,0,0,7,0.00 %,,,0.00 %,0,0,0,0,,0,0,,
06-Feb-26,B0CNRJK9ZG,0,0,0,0,,,0,0,0,0,0,2,0.00 %,,,0.00 %,0,0,0,0,,0,0,,
06-Feb-26,B0CNRKL7SX,0,0,0,0,,,0,0,0,0,0,6,0.00 %,,,0.00 %,0,0,0,0,,0,0,,
06-Feb-26,B0CNRLQVH7,0,0,0,0,,,0,0,0,0,0,1,0.00 %,,,0.00 %,0,0,0,0,,0,0,,
06-Feb-26,B0F1D1CFHP,0,0,0,0,,,0,0,0,0,0,2,0.00 %,,,0.00 %,0,0,0,0,,0,0,,
06-Feb-26,B0F1D2B3FG,0,0,0,0,,,0,0,0,0,0,11,0.00 %,,,0.00 %,0,0,0,0,,0,0,,
06-Feb-26,B0F1D2HHD4,0,0,0,0,,,0,0,0,0,0,1,0.00 %,,,0.00 %,0,0,0,0,,0,0,,
06-Feb-26,B0F1D3VGX6,0,0,0,0,,,0,0,0,0,0,5,0.00 %,,,0.00 %,0,0,0,0,,0,0,,
06-Feb-26,B0FCRCZ1HC,0,0,0,0,,,0,0,0,0,0,1,0.00 %,,,0.00 %,0,0,0,0,,0,0,,
06-Feb-26,B0FCRK9JCK,0,0,0,0,,,0,0,0,0,0,2,0.00 %,,,0.00 %,0,0,0,0,,0,0,,
06-Feb-26,B0FD3MZ97V,0,0,0,0,,,0,0,0,0,0,1,0.00 %,,,0.00 %,0,0,0,0,,0,0,,
06-Feb-26,B0FD3PSJG3,0,0,0,0,,,0,0,0,0,0,4,0.00 %,,,0.00 %,0,0,0,0,,0,0,,
06-Feb-26,Sponsored Brands Product Collection/Brand Video,0,0,0,-52.99,,,0,0,5,5,84.95,,,,,0.00 %,0,0,0,0,,52.99,0,,
05-Feb-26,B01KHB8E4A,1,1,64.50,47.98,,,1,0,0,0,0,2,50.00 %,64.50,,74.39 %,0,0,8.45,8.07,,0,0.00,,
05-Feb-26,B01N3OVRWE,1,1,64.50,43.61,,6.78 %,1,0,0,0,0.00,18,5.56 %,64.50,,67.61 %,0,0,8.45,8.07,,4.37,0.00,,
05-Feb-26,B06XS3D5RG,1,1,64.50,46.23,,2.71 %,1,0,0,0,0.00,4,25.00 %,64.50,,71.67 %,0,0,8.45,8.07,,1.75,0.00,,
05-Feb-26,B093P2DLLJ,1,1,64.50,47.52,0.71 %,0.71 %,0,0,1,1,64.50,4,25.00 %,64.50,,73.67 %,0,0,8.45,8.07,,0.46,0.00,,
05-Feb-26,B09T36PXKX,1,1,49.49,34.49,,,1,0,0,0,0,10,10.00 %,49.49,,69.69 %,0,0,6.93,8.07,,0,0.00,,
05-Feb-26,B0FCRLQG4B,2,2,23.98,12.29,,1.38 %,2,0,0,0,0.00,3,66.67 %,11.99,,51.25 %,0,0,3.36,8.00,,0.33,0.00,,
05-Feb-26,B0FD3LHYMN,1,1,16.99,9.60,,,1,0,0,0,0,2,50.00 %,16.99,,56.50 %,0,0,2.38,5.01,,0,0.00,,
05-Feb-26,B01KHB8DKA,0,0,0,-1.80,,,0,0,0,0,0.00,9,0.00 %,,,0.00 %,0,0,0,0,,1.80,0,,
05-Feb-26,B01LWX7WBR,0,0,0,-2.32,,,0,0,0,0,0.00,3,0.00 %,,,0.00 %,0,0,0,0,,2.32,0,,
05-Feb-26,B01MFI3MCW,0,0,0,-1.91,,,0,0,0,0,0.00,6,0.00 %,,,0.00 %,0,0,0,0,,1.91,0,,
05-Feb-26,B06XCRF7RF,0,0,0,-1.58,,,0,0,0,0,0.00,6,0.00 %,,,0.00 %,0,0,0,0,,1.58,0,,
05-Feb-26,B06XS9FDG6,0,0,0,-5.41,,,0,0,0,0,0.00,7,0.00 %,,,0.00 %,0,0,0,0,,5.41,0,,
05-Feb-26,B07NZM7X6F,0,0,0,-7.24,,,0,0,0,0,0.00,10,0.00 %,,,0.00 %,0,0,0,0,,7.24,0,,
05-Feb-26,B0C3GC6N5W,0,0,0,-1.08,,,0,0,0,0,0.00,4,0.00 %,,,0.00 %,0,0,0,0,,1.08,0,,
05-Feb-26,B0C3GNK3VF,0,0,0,-3.91,,,0,0,0,0,0.00,5,0.00 %,,,0.00 %,0,0,0,0,,3.91,0,,
05-Feb-26,B0CNRJDM2J,0,0,0,-3.42,,,0,0,0,0,0.00,9,0.00 %,,,0.00 %,0,0,0,0,,3.42,0,,
05-Feb-26,B0CNRLQVH7,0,0,0,-0.62,,,0,0,0,0,0.00,3,0.00 %,,,0.00 %,0,0,0,0,,0.62,0,,
05-Feb-26,B0FCRK9JCK,0,0,0,-0.79,,,0,0,0,0,0.00,2,0.00 %,,,0.00 %,0,0,0,0,,0.79,0,,
05-Feb-26,B0FCRQRHJ8,0,0,0,-0.67,,,0,0,0,0,0.00,1,0.00 %,,,0.00 %,0,0,0,0,,0.67,0,,
05-Feb-26,B0FD3PMPVC,0,0,0,-1.21,,,0,0,0,0,0.00,19,0.00 %,,,0.00 %,0,0,0,0,,1.21,0,,
05-Feb-26,B093P8LWNV,0,0,0,0,,,0,0,0,0,0,1,0.00 %,,,0.00 %,0,0,0,0,,0,0,,
05-Feb-26,B0CNRJK9ZG,0,0,0,0,,,0,0,0,0,0,4,0.00 %,,,0.00 %,0,0,0,0,,0,0,,
05-Feb-26,B0CNRJXBYP,0,0,0,0,,,0,0,0,0,0,1,0.00 %,,,0.00 %,0,0,0,0,,0,0,,
05-Feb-26,B0CNRKL7SX,0,0,0,0,,,0,0,0,0,0,5,0.00 %,,,0.00 %,0,0,0,0,,0,0,,
05-Feb-26,B0F1D2B3FG,0,0,0,0,,,0,0,0,0,0,14,0.00 %,,,0.00 %,0,0,0,0,,0,0,,
05-Feb-26,B0F1D3VGX6,0,0,0,0,,,0,0,0,0,0,13,0.00 %,,,0.00 %,0,0,0,0,,0,0,,
05-Feb-26,B0FCRCZ1HC,0,0,0,0,,,0,0,0,0,0,1,0.00 %,,,0.00 %,0,0,0,0,,0,0,,
05-Feb-26,B0FD3MZ97V,0,0,0,0,,,0,0,0,0,0,1,0.00 %,,,0.00 %,0,0,0,0,,0,0,,
05-Feb-26,B0FD3PSJG3,0,0,0,0,,,0,0,0,0,0,7,0.00 %,,,0.00 %,0,0,0,0,,0,0,,
05-Feb-26,Sponsored Brands Product Collection/Brand Video,0,0,0,-70.66,,,0,0,4,4,137.97,,,,,0.00 %,0,0,0,0,,70.66,0,,
04-Feb-26,B01KHB8E4A,1,1,64.50,47.98,,,1,0,0,0,0,3,33.33 %,64.50,,74.39 %,0,0,8.45,8.07,,0,0.00,,
04-Feb-26,B01N3OVRWE,1,2,129.00,94.70,,0.97 %,2,0,0,0,0.00,14,7.14 %,64.50,,73.41 %,0,0,16.90,16.15,,1.25,0.00,,
04-Feb-26,B0C3GNK3VF,1,1,64.50,47.98,,,1,0,0,0,0,5,20.00 %,64.50,,74.39 %,0,0,8.45,8.07,,0,0.00,,
04-Feb-26,B0FCRLQG4B,1,1,11.99,6.31,,,1,0,0,0,0,4,25.00 %,11.99,,52.63 %,0,0,1.68,4.00,,0,0.00,,
04-Feb-26,B0FCRQRHJ8,1,1,11.99,6.31,,,1,0,0,0,0,2,50.00 %,11.99,,52.63 %,0,0,1.68,4.00,,0,0.00,,
04-Feb-26,B0FD3PMPVC,1,1,16.99,8.09,,8.89 %,1,0,0,0,0.00,12,8.33 %,16.99,,47.62 %,0,0,2.38,5.01,,1.51,0.00,,
04-Feb-26,B01KHB8DKA,0,0,0,-1.24,,,0,0,0,0,0.00,5,0.00 %,,,0.00 %,0,0,0,0,,1.24,0,,
04-Feb-26,B01LWX7WBR,0,0,0,-1.96,,,0,0,0,0,0.00,4,0.00 %,,,0.00 %,0,0,0,0,,1.96,0,,
04-Feb-26,B06XCRF7RF,0,0,0,-2.50,,,0,0,0,0,0.00,3,0.00 %,,,0.00 %,0,0,0,0,,2.50,0,,
04-Feb-26,B06XS9FDG6,0,0,0,-1.98,,,0,0,0,0,0.00,3,0.00 %,,,0.00 %,0,0,0,0,,1.98,0,,
04-Feb-26,B07NZM7X6F,0,0,0,-3.54,,,0,0,0,0,0.00,8,0.00 %,,,0.00 %,0,0,0,0,,3.54,0,,
04-Feb-26,B093P2DLLJ,0,0,0,-1.36,,,0,0,0,0,0.00,10,0.00 %,,,0.00 %,0,0,0,0,,1.36,0,,
04-Feb-26,B0C3GC6N5W,0,0,0,-1.04,,,0,0,0,0,0.00,5,0.00 %,,,0.00 %,0,0,0,0,,1.04,0,,
04-Feb-26,B0CNRJDM2J,0,0,0,-0.70,,,0,0,0,0,0.00,8,0.00 %,,,0.00 %,0,0,0,0,,0.70,0,,
04-Feb-26,B06XS3D5RG,0,0,0,0,,,0,0,0,0,0,4,0.00 %,,,0.00 %,0,0,0,0,,0,0,,
04-Feb-26,B093P9QGZL,0,0,0,0,,,0,0,0,0,0,3,0.00 %,,,0.00 %,0,0,0,0,,0,0,,
04-Feb-26,B09R4DDJ78,0,0,0,0,,,0,0,0,0,0,2,0.00 %,,,0.00 %,0,0,0,0,,0,0,,
04-Feb-26,B09T36PXKX,0,0,0,0,,,0,0,0,0,0,10,0.00 %,,,0.00 %,0,0,0,0,,0,0,,
04-Feb-26,B0CNRJK9ZG,0,0,0,0,,,0,0,0,0,0,1,0.00 %,,,0.00 %,0,0,0,0,,0,0,,
04-Feb-26,B0CNRKL7SX,0,0,0,0,,,0,0,0,0,0,6,0.00 %,,,0.00 %,0,0,0,0,,0,0,,
04-Feb-26,B0CNRLQVH7,0,0,0,0,,,0,0,0,0,0,1,0.00 %,,,0.00 %,0,0,0,0,,0,0,,
04-Feb-26,B0DP27SKJN,0,0,0,0,,,0,0,0,0,0,1,0.00 %,,,0.00 %,0,0,0,0,,0,0,,
04-Feb-26,B0F1D2B3FG,0,0,0,0,,,0,0,0,0,0,12,0.00 %,,,0.00 %,0,0,0,0,,0,0,,
04-Feb-26,B0F1D3VGX6,0,0,0,0,,,0,0,0,0,0,15,0.00 %,,,0.00 %,0,0,0,0,,0,0,,
04-Feb-26,B0FCRK9JCK,0,0,0,0,,,0,0,0,0,0,1,0.00 %,,,0.00 %,0,0,0,0,,0,0,,
04-Feb-26,B0FD3PSJG3,0,0,0,0,,,0,0,0,0,0,2,0.00 %,,,0.00 %,0,0,0,0,,0,0,,
04-Feb-26,Sponsored Brands Product Collection/Brand Video,0,0,0,-70.84,,,0,0,4,4,110.47,,,,,0.00 %,0,0,0,0,,70.84,0,,
03-Feb-26,B01N3OVRWE,2,2,129.00,83.88,9.36 %,9.36 %,0,0,2,2,129.00,25,8.00 %,64.50,,65.02 %,0,0,16.90,16.14,,12.08,0.00,,
03-Feb-26,B06XS9FDG6,1,1,64.50,45.64,,3.63 %,1,0,0,0,0.00,6,16.67 %,64.50,,70.76 %,0,0,8.45,8.07,,2.34,0.00,,
03-Feb-26,B0F1D2B3FG,1,5,200.00,134.71,,,5,0,0,0,0,11,9.09 %,40.00,,67.36 %,0,0,28.00,37.29,,0,0.00,,
03-Feb-26,B0FCRLQG4B,1,2,23.98,12.61,,,2,0,0,0,0,12,8.33 %,11.99,,52.59 %,0,0,3.36,8.01,,0,0.00,,
03-Feb-26,B0FD3PMPVC,1,2,33.98,18.35,,2.53 %,2,0,0,0,0.00,15,6.67 %,16.99,,54.00 %,0,0,4.76,10.01,,0.86,0.00,,
03-Feb-26,B0FD3PSJG3,1,1,16.99,9.60,,,1,0,0,0,0,6,16.67 %,16.99,,56.50 %,0,0,2.38,5.01,,0,0.00,,
03-Feb-26,B01KHB8DKA,0,0,0,-7.42,,,0,0,0,0,0.00,14,0.00 %,,,0.00 %,0,0,0,0,,7.42,0,,
03-Feb-26,B01KHB8E4A,0,0,0,-1.23,,,0,0,0,0,0.00,7,0.00 %,,,0.00 %,0,0,0,0,,1.23,0,,
03-Feb-26,B01LWX7WBR,0,0,0,-2.20,3.41 %,,0,0,1,1,64.50,6,0.00 %,,,0.00 %,0,0,0,0,,2.20,0,,
03-Feb-26,B01MFI3MCW,0,0,0,-0.93,,,0,0,0,0,0.00,1,0.00 %,,,0.00 %,0,0,0,0,,0.93,0,,
03-Feb-26,B06XCRF7RF,0,0,0,-3.97,,,0,0,0,0,0.00,4,0.00 %,,,0.00 %,0,0,0,0,,3.97,0,,
03-Feb-26,B06XS3D5RG,0,0,0,-2.61,,,0,0,0,0,0.00,4,0.00 %,,,0.00 %,0,0,0,0,,2.61,0,,
03-Feb-26,B07NZM7X6F,0,0,0,-4.49,,,0,0,0,0,0.00,13,0.00 %,,,0.00 %,0,0,0,0,,4.49,0,,
03-Feb-26,B093P2DLLJ,0,0,0,-1.09,,,0,0,0,0,0.00,13,0.00 %,,,0.00 %,0,0,0,0,,1.09,0,,
03-Feb-26,B093P8LWNV,0,0,0,-0.40,,,0,0,0,0,0.00,2,0.00 %,,,0.00 %,0,0,0,0,,0.40,0,,
03-Feb-26,B0C3GNK3VF,0,0,0,-1.04,,,0,0,0,0,0.00,4,0.00 %,,,0.00 %,0,0,0,0,,1.04,0,,
03-Feb-26,B0CNRKL7SX,0,0,0,-1.41,,,0,0,0,0,0.00,7,0.00 %,,,0.00 %,0,0,0,0,,1.41,0,,
03-Feb-26,B093P9QGZL,0,0,0,0,,,0,0,0,0,0,2,0.00 %,,,0.00 %,0,0,0,0,,0,0,,
03-Feb-26,B09R4DDJ78,0,0,0,0,,,0,0,0,0,0,1,0.00 %,,,0.00 %,0,0,0,0,,0,0,,
03-Feb-26,B09T36PXKX,0,0,0,0,,,0,0,0,0,0,11,0.00 %,,,0.00 %,0,0,0,0,,0,0,,
03-Feb-26,B0C3GC6N5W,0,0,0,0,,,0,0,0,0,0,8,0.00 %,,,0.00 %,0,0,0,0,,0,0,,
03-Feb-26,B0CNRJDM2J,0,0,0,0,,,0,0,0,0,0,9,0.00 %,,,0.00 %,0,0,0,0,,0,0,,
03-Feb-26,B0CNRJK9ZG,0,0,0,0,,,0,0,0,0,0,1,0.00 %,,,0.00 %,0,0,0,0,,0,0,,
03-Feb-26,B0CNRLQVH7,0,0,0,0,,,0,0,0,0,0,2,0.00 %,,,0.00 %,0,0,0,0,,0,0,,
03-Feb-26,B0F1D2HHD4,0,0,0,0,,,0,0,0,0,0,1,0.00 %,,,0.00 %,0,0,0,0,,0,0,,
03-Feb-26,B0F1D3VGX6,0,0,0,0,,,0,0,0,0,0,8,0.00 %,,,0.00 %,0,0,0,0,,0,0,,
03-Feb-26,B0F1D4F97T,0,0,0,0,,,0,0,0,0,0,1,0.00 %,,,0.00 %,0,0,0,0,,0,0,,
03-Feb-26,B0FCRCZ1HC,0,0,0,0,,,0,0,0,0,0,2,0.00 %,,,0.00 %,0,0,0,0,,0,0,,
03-Feb-26,B0FCRK9JCK,0,0,0,0,,,0,0,0,0,0,1,0.00 %,,,0.00 %,0,0,0,0,,0,0,,
03-Feb-26,B0FCRQRHJ8,0,0,0,0,,,0,0,0,0,0,2,0.00 %,,,0.00 %,0,0,0,0,,0,0,,
03-Feb-26,B0FD3MZ97V,0,0,0,0,,,0,0,0,0,0,3,0.00 %,,,0.00 %,0,0,0,0,,0,0,,
03-Feb-26,Sponsored Brands Product Collection/Brand Video,0,0,0,-77.08,,,0,0,4,10,274.95,,,,,0.00 %,0,0,0,0,,77.08,0,,
02-Feb-26,B07NZM7X6F,1,1,64.50,43.30,,7.26 %,1,0,0,0,0.00,11,9.09 %,64.50,,67.13 %,0,0,8.45,8.07,,4.68,0.00,,
02-Feb-26,B093P2DLLJ,1,1,64.50,46.99,,1.53 %,1,0,0,0,0.00,13,7.69 %,64.50,,72.85 %,0,0,8.45,8.07,,0.99,0.00,,
02-Feb-26,B0C3GC6N5W,1,1,64.50,46.49,,2.31 %,1,0,0,0,0.00,5,20.00 %,64.50,,72.08 %,0,0,8.45,8.07,,1.49,0.00,,
02-Feb-26,B0CNRJDM2J,1,1,71.40,49.42,3.51 %,6.68 %,0,0,2,2,135.90,11,9.09 %,71.40,,69.22 %,0,0,9.14,8.07,,4.77,0.00,,
02-Feb-26,B0F1D4F97T,1,1,39.50,26.51,,,1,0,0,0,0,4,25.00 %,39.50,,67.11 %,0,0,5.53,7.46,,0,0.00,,
02-Feb-26,B0FCRLQG4B,2,2,23.98,12.62,,,2,0,0,0,0,12,16.67 %,11.99,,52.63 %,0,0,3.36,8.00,,0,0.00,,
02-Feb-26,B0FD3MZ97V,1,1,16.99,9.60,,,1,0,0,0,0,1,100.00 %,16.99,,56.50 %,0,0,2.38,5.01,,0,0.00,,
02-Feb-26,B0FD3PMPVC,1,1,16.99,9.60,,,1,0,0,0,0,18,5.56 %,16.99,,56.50 %,0,0,2.38,5.01,,0,0.00,,
02-Feb-26,B01KHB8DKA,0,0,0,-3.40,,,0,0,0,0,0.00,8,0.00 %,,,0.00 %,0,0,0,0,,3.40,0,,
02-Feb-26,B01KHB8E4A,0,0,0,-0.67,,,0,0,0,0,0.00,6,0.00 %,,,0.00 %,0,0,0,0,,0.67,0,,
02-Feb-26,B01MFI3MCW,0,0,0,-2.33,,,0,0,0,0,0.00,2,0.00 %,,,0.00 %,0,0,0,0,,2.33,0,,
02-Feb-26,B01N3OVRWE,0,0,0,-3.51,,,0,0,0,0,0.00,19,0.00 %,,,0.00 %,0,0,0,0,,3.51,0,,
02-Feb-26,B06XCRF7RF,0,0,0,-0.94,,,0,0,0,0,0.00,3,0.00 %,,,0.00 %,0,0,0,0,,0.94,0,,
02-Feb-26,B06XS3D5RG,0,0,0,-1.88,,,0,0,0,0,0.00,3,0.00 %,,,0.00 %,0,0,0,0,,1.88,0,,
02-Feb-26,B06XS9FDG6,0,0,0,-5.43,,,0,0,0,0,0.00,5,0.00 %,,,0.00 %,0,0,0,0,,5.43,0,,
02-Feb-26,B09R4DDJ78,0,0,0,-0.72,,,0,0,0,0,0.00,2,0.00 %,,,0.00 %,0,0,0,0,,0.72,0,,
02-Feb-26,B0C3GNK3VF,0,0,0,-0.72,,,0,0,0,0,0.00,3,0.00 %,,,0.00 %,0,0,0,0,,0.72,0,,
02-Feb-26,B0CNRKL7SX,0,0,0,-0.71,,,0,0,0,0,0.00,8,0.00 %,,,0.00 %,0,0,0,0,,0.71,0,,
02-Feb-26,B0CNRLQVH7,0,0,0,-0.07,,,0,0,0,0,0.00,3,0.00 %,,,0.00 %,0,0,0,0,,0.07,0,,
02-Feb-26,B0FCRK9JCK,0,0,0,-0.18,,,0,0,0,0,0.00,2,0.00 %,,,0.00 %,0,0,0,0,,0.18,0,,
02-Feb-26,B01LWX7WBR,0,0,0,0,,,0,0,0,0,0,2,0.00 %,,,0.00 %,0,0,0,0,,0,0,,
02-Feb-26,B093P9QGZL,0,0,0,0,,,0,0,0,0,0,2,0.00 %,,,0.00 %,0,0,0,0,,0,0,,
02-Feb-26,B09T36PXKX,0,0,0,0,,,0,0,0,0,0,12,0.00 %,,,0.00 %,0,0,0,0,,0,0,,
02-Feb-26,B0CNRJK9ZG,0,0,0,0,,,0,0,0,0,0,2,0.00 %,,,0.00 %,0,0,0,0,,0,0,,
02-Feb-26,B0F1D1CFHP,0,0,0,0,,,0,0,0,0,0,1,0.00 %,,,0.00 %,0,0,0,0,,0,0,,
02-Feb-26,B0F1D2B3FG,0,0,0,0,,,0,0,0,0,0,22,0.00 %,,,0.00 %,0,0,0,0,,0,0,,
02-Feb-26,B0F1D2HHD4,0,0,0,0,,,0,0,0,0,0,1,0.00 %,,,0.00 %,0,0,0,0,,0,0,,
02-Feb-26,B0F1D3VGX6,0,0,0,0,,,0,0,0,0,0,16,0.00 %,,,0.00 %,0,0,0,0,,0,0,,
02-Feb-26,B0FCRQRHJ8,0,0,0,0,,,0,0,0,0,0,4,0.00 %,,,0.00 %,0,0,0,0,,0,0,,
02-Feb-26,B0FD3LHYMN,0,0,0,0,,,0,0,0,0,0,1,0.00 %,,,0.00 %,0,0,0,0,,0,0,,
02-Feb-26,B0FD3PSJG3,0,0,0,0,,,0,0,0,0,0,8,0.00 %,,,0.00 %,0,0,0,0,,0,0,,
02-Feb-26,Sponsored Brands Product Collection/Brand Video,0,0,0,-118.43,,,0,0,3,3,40.97,,,,,0.00 %,0,0,0,0,,118.43,0,,
01-Feb-26,B01N3OVRWE,1,1,64.50,35.02,,20.09 %,1,0,0,0,0.00,31,3.23 %,64.50,,54.29 %,0,0,8.45,8.07,,12.96,0.00,,
01-Feb-26,B0734KS4HV,1,1,49.49,34.49,,,1,0,0,0,0,,,49.49,,69.69 %,0,0,6.93,8.07,,0,0.00,,
01-Feb-26,B0FCRLQG4B,1,1,11.99,6.31,,,1,0,0,0,0,6,16.67 %,11.99,,52.63 %,0,0,1.68,4.00,,0,0.00,,
01-Feb-26,B0FD3LHYMN,1,1,16.99,9.60,,,1,0,0,0,0,1,100.00 %,16.99,,56.50 %,0,0,2.38,5.01,,0,0.00,,
01-Feb-26,B0FD3PMPVC,3,3,51.75,29.47,,,3,0,0,0,0,19,15.79 %,17.25,,56.95 %,0,0,7.25,15.03,,0,0.00,,
01-Feb-26,B01KHB8DKA,0,0,0,-9.67,,,0,0,0,0,0.00,10,0.00 %,,,0.00 %,0,0,0,0,,9.67,0,,
01-Feb-26,B06XCRF7RF,0,0,0,-0.88,,,0,0,0,0,0.00,2,0.00 %,,,0.00 %,0,0,0,0,,0.88,0,,
01-Feb-26,B06XS3D5RG,0,0,0,-4.82,,,0,0,0,0,0.00,5,0.00 %,,,0.00 %,0,0,0,0,,4.82,0,,
01-Feb-26,B06XS9FDG6,0,0,0,-5.39,,,0,0,0,0,0.00,7,0.00 %,,,0.00 %,0,0,0,0,,5.39,0,,
01-Feb-26,B07NZM7X6F,0,0,0,-3.62,,,0,0,0,0,0.00,10,0.00 %,,,0.00 %,0,0,0,0,,3.62,0,,
01-Feb-26,B093P2DLLJ,0,0,0,-2.44,,,0,0,0,0,0.00,13,0.00 %,,,0.00 %,0,0,0,0,,2.44,0,,
01-Feb-26,B0C3GNK3VF,0,0,0,-2.90,,,0,0,0,0,0.00,6,0.00 %,,,0.00 %,0,0,0,0,,2.90,0,,
01-Feb-26,B0DP27SKJN,0,0,0,-0.21,,,0,0,0,0,0.00,1,0.00 %,,,0.00 %,0,0,0,0,,0.21,0,,
01-Feb-26,B01KHB8E4A,0,0,0,0,,,0,0,0,0,0,5,0.00 %,,,0.00 %,0,0,0,0,,0,0,,
01-Feb-26,B01LWX7WBR,0,0,0,0,,,0,0,0,0,0,3,0.00 %,,,0.00 %,0,0,0,0,,0,0,,
01-Feb-26,B093P8LWNV,0,0,0,0,,,0,0,0,0,0,1,0.00 %,,,0.00 %,0,0,0,0,,0,0,,
01-Feb-26,B093P9QGZL,0,0,0,0,,,0,0,0,0,0,1,0.00 %,,,0.00 %,0,0,0,0,,0,0,,
01-Feb-26,B09T36PXKX,0,0,0,0,,,0,0,0,0,0,15,0.00 %,,,0.00 %,0,0,0,0,,0,0,,
01-Feb-26,B0C3GC6N5W,0,0,0,0,,,0,0,0,0,0,7,0.00 %,,,0.00 %,0,0,0,0,,0,0,,
01-Feb-26,B0CNRJDM2J,0,0,0,0,,,0,0,0,0,0,8,0.00 %,,,0.00 %,0,0,0,0,,0,0,,
01-Feb-26,B0CNRKL7SX,0,0,0,0,,,0,0,0,0,0,7,0.00 %,,,0.00 %,0,0,0,0,,0,0,,
01-Feb-26,B0CNRLQVH7,0,0,0,0,,,0,0,0,0,0,2,0.00 %,,,0.00 %,0,0,0,0,,0,0,,
01-Feb-26,B0DP29LW5K,0,0,0,0,,,0,0,0,0,0,1,0.00 %,,,0.00 %,0,0,0,0,,0,0,,
01-Feb-26,B0F1D1CFHP,0,0,0,0,,,0,0,0,0,0,1,0.00 %,,,0.00 %,0,0,0,0,,0,0,,
01-Feb-26,B0F1D2B3FG,0,0,0,0,,,0,0,0,0,0,16,0.00 %,,,0.00 %,0,0,0,0,,0,0,,
01-Feb-26,B0F1D2HHD4,0,0,0,0,,,0,0,0,0,0,2,0.00 %,,,0.00 %,0,0,0,0,,0,0,,
01-Feb-26,B0F1D3VGX6,0,0,0,0,,,0,0,0,0,0,10,0.00 %,,,0.00 %,0,0,0,0,,0,0,,
01-Feb-26,B0F1D4F97T,0,0,0,0,,,0,0,0,0,0,3,0.00 %,,,0.00 %,0,0,0,0,,0,0,,
01-Feb-26,B0FCRK9JCK,0,0,0,0,,,0,0,0,0,0,1,0.00 %,,,0.00 %,0,0,0,0,,0,0,,
01-Feb-26,B0FCRQRHJ8,0,0,0,0,,,0,0,0,0,0,2,0.00 %,,,0.00 %,0,0,0,0,,0,0,,
01-Feb-26,B0FD3PSJG3,0,0,0,0,,,0,0,0,0,0,7,0.00 %,,,0.00 %,0,0,0,0,,0,0,,
01-Feb-26,Sponsored Brands Product Collection/Brand Video,0,0,0,-102.80,,,0,0,7,7,182.41,,,,,0.00 %,0,0,0,0,,102.80,0,,
